likes,body,url
1207,–í—ã–±–æ—Ä –ø—Ä–æ–≥—Ä–∞–º–º–∏—Å—Ç–∞,https://sun9-53.userapi.com/c857228/v857228480/b714f/eXEe6vAzwc4.jpg
350,"OTUS –∑–∞–ø—É—Å–∫–∞–µ—Ç –∫—É—Ä—Å—ã –ø–æ –º–∞—Ç–µ–º–∞—Ç–∏–∫–µ ‚Äî –∫–∞–∫ –Ω–∏ —Å—Ç—Ä–∞–Ω–Ω–æ, –æ–Ω–∞ –Ω—É–∂–Ω–∞ –∏ —Ä–∞–∑—Ä–∞–±–æ—Ç—á–∏–∫–∞–º, –∏ –∞–Ω–∞–ª–∏—Ç–∏–∫–∞–º, –∏ –¥–∞—Ç–∞—Å–∞–µ–Ω—Ç–∏—Å—Ç–∞–º. –ï—Å—Ç—å –ø—Ä–æ–≥—Ä–∞–º–º—ã –∏ –¥–ª—è –æ—Å–≤–æ–∏–≤—à–∏—Ö –º–∞—Ç–µ—à—É —Ç–æ–ª—å–∫–æ –≤ —à–∫–æ–ª–µ, –∏ –¥–ª—è —Å—Ç–æ–ª–∫–Ω—É–≤—à–∏—Ö—Å—è —Å –≤—ã—à–º–∞—Ç–æ–º –≤ –≤—É–∑–µ.

–ü—Ä–æ–π–¥–∏—Ç–µ –≤—Å—Ç—É–ø–∏—Ç–µ–ª—å–Ω—ã–π —Ç–µ—Å—Ç –∏ –ø–æ–ª—É—á–∏—Ç–µ —Å–∫–∏–¥–∫—É 15%: https://tprg.ru/s2hj

–≠—Ç–æ #–ø–∞—Ä—Ç–Ω—ë—Ä—Å–∫–∏–π –ø–æ—Å—Ç",https://sun9-27.userapi.com/c858016/v858016751/153129/-8FOwBpLMZE.jpg
1178,–ü—Ä–æ–∫–∞—á–∞–Ω–Ω–∞—è IDE ‚Äî –≥–æ—Ä–¥–æ—Å—Ç—å –ø—Ä–æ–≥—Ä–∞–º–º–∏—Å—Ç–∞,https://sun9-62.userapi.com/c853624/v853624544/1d11f8/a6G_CBzFzBo.jpg
495,–ö–æ–≥–¥–∞ –ø—Ä–æ–≤–æ–¥–∏—à—å –∫–æ–¥-—Ä–µ–≤—å—é,https://sun9-10.userapi.com/c853624/v853624544/1d11ee/ZJT0srCa7z0.jpg
1348,–ò —É IDE –±—ã–≤–∞–µ—Ç –¥–µ–ø—Ä–µ—Å—Å–∏—è,https://sun9-61.userapi.com/c853624/v853624544/1d11e5/b7Zi0CF1XAA.jpg
627,"–í –¢—É—Ä—Ü–∏–∏ —Ä–∞–∑–±–ª–æ–∫–∏—Ä–æ–≤–∞–ª–∏ –í–∏–∫–∏–ø–µ–¥–∏—é. –ù–∞ —ç—Ç–æ –ø–æ—Ç—Ä–µ–±–æ–≤–∞–ª–∞—Å—å —á—É—Ç—å –º–µ–Ω—å—à–µ, —á–µ–º 1000 –∏ 1 –Ω–æ—á—å (–∞ –∏–º–µ–Ω–Ω–æ 991). 

–°–ø–∞—Å–∏—Ç–µ–ª—å–Ω–∏—Ü—É –≤—Å–µ—Ö —Å—Ç—É–¥–µ–Ω—Ç–æ–≤ –∑–∞–±–∞–Ω–∏–ª–∏ –≤ –¢—É—Ä—Ü–∏–∏ 2017 –≤ –≥–æ–¥—É –ø–æ—Å–ª–µ —Ç–æ–≥–æ, –∫–∞–∫ –æ–Ω–∞ –æ—Ç–∫–∞–∑–∞–ª–∞—Å—å —É–¥–∞–ª—è—Ç—å —Å—Ç–∞—Ç—å–∏, –≤ –∫–æ—Ç–æ—Ä—ã—Ö —É–ø–æ–º–∏–Ω–∞–µ—Ç—Å—è, —á—Ç–æ –∏—Ö –ø—Ä–∞–≤–∏—Ç–µ–ª—å—Å—Ç–≤–æ —Å–æ—Ç—Ä—É–¥–Ω–∏—á–∞–ª–æ —Å –ò–ì–ò–õ (–æ—Ä–≥–∞–Ω–∏–∑–∞—Ü–∏—è, –∑–∞–ø—Ä–µ—â—ë–Ω–Ω–∞—è –Ω–∞ —Ç–µ—Ä—Ä–∏—Ç–æ—Ä–∏–∏ –†–§) –∏ –ê–ª—å-–ö–∞–∏–¥–æ–π. –ò –ø–æ—Å–ª–µ –ø–æ—á—Ç–∏ —Ç—Ä—ë—Ö –ª–µ—Ç, –ö–æ–Ω—Å—Ç–∏—Ç—É—Ü–∏–æ–Ω–Ω—ã–π —Å—É–¥ –¢—É—Ä—Ü–∏–∏ –ø–æ—Å—Ç–∞–Ω–æ–≤–∏–ª, —á—Ç–æ —ç—Ç–æ –Ω–∞—Ä—É—à–µ–Ω–∏–µ —Å–≤–æ–±–æ–¥—ã —Å–ª–æ–≤–∞. –ü–æ–∫–∞ —á—Ç–æ –Ω–µ –≤—Å–µ –ø—Ä–æ–≤–∞–π–¥–µ—Ä—ã —Å–Ω—è–ª–∏ –±–ª–æ–∫–∏—Ä–æ–≤–∫—É, –Ω–æ –¥–µ–ª–æ –ø–æ—Å—Ç–µ–ø–µ–Ω–Ω–æ –∫ —Ç–æ–º—É –∏–¥—ë—Ç. 

#–º–µ–º–æ–≤–æ—Å—Ç–∏@tnull",https://sun9-65.userapi.com/c858024/v858024504/15c967/5i7RY7iQLf4.jpg
805,–ö–æ–≥–¥–∞ –Ω–µ —Ç–µ—Ö–Ω–∞—Ä—å –ø—Ä–æ—Å–∏—Ç —Ä–∞—Å—Å–∫–∞–∑–∞—Ç—å —Ç–µ–±—è –æ —Å–≤–æ–µ–π —Ä–∞–±–æ—Ç–µ,https://sun9-65.userapi.com/c858024/v858024504/15c967/5i7RY7iQLf4.jpg
433,–ù–∞–≥–ª—è–¥–Ω–∞—è –≤–∏–∑—É–∞–ª–∏–∑–∞—Ü–∏—è —Ä–∞–±–æ—Ç—ã —Ä–µ–∫—É—Ä—Å–∏–≤–Ω–æ–π —Ñ—É–Ω–∫—Ü–∏–∏,https://sun9-65.userapi.com/c858024/v858024504/15c967/5i7RY7iQLf4.jpg
811,"–ù–µ —É–≤–µ—Ä–µ–Ω, —ç—Ç–æ –º–æ–π –∫–æ–¥ –∫—Ä–∞—Å–∏–≤—ã–π –∏ –æ–ø—Ç–∏–º–∞–ª—å–Ω—ã–π, –∏–ª–∏ —è —Ç–∞–∫ –¥–æ–ª–≥–æ —Ä–∞–±–æ—Ç–∞—é, —á—Ç–æ —É–∂–µ –∑–∞–±—ã–ª, –∫–∞–∫ –≤—ã–≥–ª—è–¥–∏—Ç —Ö–æ—Ä–æ—à–∏–π –∫–æ–¥",https://sun9-49.userapi.com/c854524/v854524685/1c47da/ksCHsNMWQew.jpg
25,"–í–∞–∫–∞–Ω—Å–∏—è DevOps Team Lead –≤ DINS

–ì–æ—Ç–æ–≤—ã —Å—Ç–∞—Ç—å —Ä—É–∫–æ–≤–æ–¥–∏—Ç–µ–ª–µ–º –∫–æ–º–∞–Ω–¥—ã DevOps-–∏–Ω–∂–µ–Ω–µ—Ä–æ–≤? –¢–æ–≥–¥–∞ —Å–º–æ—Ç—Ä–∏—Ç–µ –≤–∏–¥–µ–æ, –≤ –∫–æ—Ç–æ—Ä–æ–º —Å–æ—Ç—Ä—É–¥–Ω–∏–∫ DINS —Ä–∞—Å—Å–∫–∞–∑—ã–≤–∞–µ—Ç –ø—Ä–æ –∫–æ–º–ø–∞–Ω–∏—é, —Å—Ç–µ–∫ —Ä–∞–∑—Ä–∞–±–æ—Ç–∫–∏ –∏ –∑–∞–¥–∞—á–∏ –¥–ª—è –Ω–æ–≤–æ–≥–æ —Ç–∏–º–ª–∏–¥–∞, –∞ –∑–∞—Ç–µ–º –ø–µ—Ä–µ—Ö–æ–¥–∏—Ç–µ –ø–æ —Å—Å—ã–ª–∫–µ –¥–ª—è –æ—Ç–∫–ª–∏–∫–∞ –Ω–∞ –≤–∞–∫–∞–Ω—Å–∏—é: https://tprg.ru/pLtB

–≠—Ç–æ #–ø–∞—Ä—Ç–Ω—ë—Ä—Å–∫–∏–π –ø–æ—Å—Ç",https://sun9-49.userapi.com/c854524/v854524685/1c47da/ksCHsNMWQew.jpg
1014,"Microsoft –ø—Ä–µ–¥–ª–æ–∂–∏–ª–∞ –ò–ò, —É–ª—É—á—à–∞—é—â–∏–π—Å—è, –µ—Å–ª–∏ –≤—ã —É–ª—ã–±–∞–µ—Ç–µ—Å—å. –¢–∞–∫ —á—Ç–æ –Ω–µ –ø—Ä–∏–Ω–∏–º–∞–π—Ç–µ –Ω–∏—á–µ–≥–æ –∑–∞–ø—Ä–µ—â—ë–Ω–Ω–æ–≥–æ, –µ—Å–ª–∏ –≤–∞–º —Å–∫–æ—Ä–æ —Ä–∞–±–æ—Ç–∞—Ç—å —Å –Ω–µ–π—Ä–æ–Ω–∫–∞–º–∏. 
 
–§—Ä–µ–π–º–≤–æ—Ä–∫, –≤—ã–ø—É—â–µ–Ω–Ω—ã–π Microsoft, –∏—Å–ø–æ–ª—å–∑—É–µ—Ç —á–µ–ª–æ–≤–µ—á–µ—Å–∫—É—é —É–ª—ã–±–∫—É –∫–∞–∫ —Å—Ä–µ–¥—Å—Ç–≤–æ –¥–ª—è –æ–±—É—á–µ–Ω–∏—è –∏—Å–∫—É—Å—Å—Ç–≤–µ–Ω–Ω–æ–≥–æ –∏–Ω—Ç–µ–ª–ª–µ–∫—Ç–∞ –≤ –ø—Ä–æ—Ü–µ—Å—Å–µ —Ç—Ä–µ–Ω–∏—Ä–æ–≤–∫–∏. –û–±–æ—Å–Ω–æ–≤–∞–Ω–æ —ç—Ç–æ —Ç–µ–º, —á—Ç–æ —É–ª—ã–±–∫–∞ –º–æ–∂–µ—Ç –≤—ã—Å—Ç—É–ø–∞—Ç—å –º–µ—Ç–æ–¥–æ–º –ø–æ–æ—â—Ä–µ–Ω–∏—è –ò–ò, –Ω–µ–∑–∞–≤–∏—Å–∏–º–æ –æ—Ç –∑–∞–¥–∞—á–∏, –∫ –∫–æ—Ç–æ—Ä–æ–π –µ–≥–æ –≥–æ—Ç–æ–≤—è—Ç. 

#–º–µ–º–æ–≤–æ—Å—Ç–∏@tnull",https://sun9-11.userapi.com/c855736/v855736294/1b5c93/Dm1rdV1UUvo.jpg
1547,–ê–≤—Ç–æ–ø—Ä–µ–¥–∏–∫—Ç –∫–∞–∫ –≤—Å–µ–≥–¥–∞ –Ω–∞ –≤—ã—Å–æ—Ç–µ,https://sun9-5.userapi.com/c855428/v855428472/1b4d13/8zDL7CxHWZc.jpg
4471,–ï—Å–ª–∏ –±—ã –∞–≤—Ç–æ—Ä—ã –∫–Ω–∏–≥ –ø–æ –ø—Ä–æ–≥—Ä–∞–º–º–∏—Ä–æ–≤–∞–Ω–∏—é –ø–∏—Å–∞–ª–∏ —É—á–µ–±–Ω–∏–∫ –ø–æ –∞—Ä–∏—Ñ–º–µ—Ç–∏–∫–µ,https://sun9-18.userapi.com/c854528/v854528450/1b3af2/AaIFtDBbE9Y.jpg
2426,–û—Ç–ª–∏—á–Ω—ã–π –ø–æ–¥–∞—Ä–æ–∫ –Ω–∞ –ù–æ–≤—ã–π –ì–æ–¥ –∫–æ–ª–ª–µ–≥–∞–º,https://sun9-35.userapi.com/c635106/v635106963/3470f/XPCz126SE-4.jpg
833,"–í–≤–µ–¥–µ–Ω—ã –ø–µ—Ä–≤—ã–µ –ì–û–°–¢—ã –Ω–∞ –∏—Å–∫—É—Å—Å—Ç–≤–µ–Ω–Ω—ã–π –∏–Ω—Ç–µ–ª–ª–µ–∫—Ç. –ù–æ —Ç–∞–ª–æ–Ω—ã –ø–æ–∫–∞ –≤—ã–¥–∞–≤–∞—Ç—å –Ω–µ —Å–æ–±–∏—Ä–∞—é—Ç—Å—è. 
 
–î–≤–∞ –Ω–æ–≤—ã—Ö —Å—Ç–∞–Ω–¥–∞—Ä—Ç–∞, —Ä–∞–∑—Ä–∞–±–æ—Ç–∞–Ω–Ω—ã—Ö –≤ –°–ü–±–ì–ü–£ –ü–µ—Ç—Ä–∞ –í–µ–ª–∏–∫–æ–≥–æ, –∑–∞—Ç—Ä–∞–≥–∏–≤–∞—é—Ç –∏—Å–∫—É—Å—Å—Ç–≤–µ–Ω–Ω—ã–π –∏–Ω—Ç–µ–ª–ª–µ–∫—Ç –≤ —Å—Ñ–µ—Ä–µ –æ–±—Ä–∞–±–æ—Ç–∫–∏ –ø–æ–≤–µ–¥–µ–Ω–∏—è –ª—é–¥–µ–π –∏ —Ç–µ—Ö–Ω–∏—á–µ—Å–∫–∏—Ö —Å—Ä–µ–¥—Å—Ç–≤ –¥–æ—Å–º–æ—Ç—Ä–∞ –≤ –∞—ç—Ä–æ–ø–æ—Ä—Ç–∞—Ö. –£—Ç–≤–µ—Ä–∂–¥–∞–µ—Ç—Å—è, —á—Ç–æ –ø—Ä–∏ —Ä–∞–∑—Ä–∞–±–æ—Ç–∫–µ —Å—Ç–∞–Ω–¥–∞—Ä—Ç–æ–≤ –∏—Å–ø–æ–ª—å–∑–æ–≤–∞–ª—Å—è –º–µ–∂–¥—É–Ω–∞—Ä–æ–¥–Ω—ã–π –æ–ø—ã—Ç –≤ –¥–∞–Ω–Ω–æ–π —Å—Ñ–µ—Ä–µ. –í—Å—Ç—É–ø–∞—é—Ç –≤ –¥–µ–π—Å—Ç–≤–∏–µ –æ–Ω–∏ —Å 1 —Å–µ–Ω—Ç—è–±—Ä—è 2020 –≥–æ–¥–∞.

#–º–µ–º–æ–≤–æ—Å—Ç–∏@tnull",https://sun9-12.userapi.com/c855416/v855416906/1b2e32/6k0zYTN6f2g.jpg
900,–ö–∞–∫ –≤—ã–≥–ª—è–¥–∏—Ç —É–±–æ—Ä–∫–∞ –Ω–∞—Å—Ç–æ—è—â–µ–≥–æ —Å–∏—Å. –∞–¥–º–∏–Ω–∞,https://sun9-18.userapi.com/c635106/v635106208/42b4a/PmQbNCtuqLA.jpg
61,"–ï—Å—Ç—å –±–∞–Ω–∫–æ–≤—Å–∫–∏–π —Ä–∞–∑—Ä–∞–±–æ—Ç—á–∏–∫, –∫–æ—Ç–æ—Ä—ã–π —É—Å–Ω—É–ª –Ω–∞ —Å–∫—É—á–Ω–æ–º —Å–æ–≤–µ—â–∞–Ω–∏–∏ –∏ —Ç–µ–ø–µ—Ä—å –¥–æ–ª–∂–µ–Ω —Å–ø–∞—Å—Ç–∏ –º–∏—Ä –æ—Ç —Ñ–∏–Ω–∞–Ω—Å–æ–≤–æ–≥–æ –∫—Ä–∏–∑–∏—Å–∞ –≤ —Å–≤–æ—ë–º —Å—Ç—Ä–∞—à–Ω–æ–º —Å–Ω–µ. –í–∞–º –Ω—É–∂–Ω–æ –ø–æ–º–æ—á—å –µ–º—É, —Ä–µ—à–∞—è –∞–ª–≥–æ—Ä–∏—Ç–º–∏—á–µ—Å–∫–∏–µ –∑–∞–¥–∞—á–∏. –í –∫–æ–Ω—Ü–µ ‚Äî —Ç—É—Ä–Ω–∏—Ä–Ω–∞—è —Ç–∞–±–ª–∏—Ü–∞ –¥–ª—è –ª—É—á—à–∏—Ö.

–≠—Ç–æ #–ø–∞—Ä—Ç–Ω—ë—Ä—Å–∫–∏–π –ø–æ—Å—Ç",https://sun9-18.userapi.com/c635106/v635106208/42b4a/PmQbNCtuqLA.jpg
1234,–ö–∞–∫ –ø—Ä–æ–±–ª–µ–º—ã —Ñ—Ä–æ–Ω—Ç–∞ —Ä–µ—à–∞—é—Ç—Å—è –Ω–∞ –±—ç–∫–µ–Ω–¥–µ,https://sun9-127.userapi.com/c856128/v856128300/1b4f29/oDFGXeeKdpU.jpg
1273,–ö–∞–∫ –∑–∞–∫–æ–Ω—á–∏—Ç—å —Ö–æ—Ç—å –æ–¥–∏–Ω?,https://sun9-43.userapi.com/c856128/v856128300/1b4f17/j2xBSTFl6ak.jpg
1542,–ü–æ —Å—Ç–∞—Ç–∏—Å—Ç–∏–∫–µ 4 –∏–∑ 5 –ø—Ä–æ–≥—Ä–∞–º–º–∏—Å—Ç–æ–≤ –ª—é–±—è—Ç –∫–æ–¥-—Ä–µ–≤—å—é,https://sun9-56.userapi.com/c856128/v856128300/1b4ef0/XABernElufs.jpg
1609,–ñ–∏–∑–Ω–µ–Ω–Ω–æ,https://sun9-23.userapi.com/c206628/v206628028/c369/rZBP76Z_7kM.jpg
15,"#–≤–∞–∫–∞–Ω—Å–∏—è@tproger #—Ä–∞–±–æ—Ç–∞@tproger

–•–æ—Ç–∏—Ç–µ –Ω–∞—á–∞—Ç—å –∫–∞—Ä—å–µ—Ä—É –≤ —Ñ–∏–Ω—Ç–µ—Ö–µ —Å –æ–±—É—á–µ–Ω–∏—è –≤ –õ–æ–Ω–¥–æ–Ω–µ? 
–£–º–µ–µ—Ç–µ –ø—Ä–æ–≥—Ä–∞–º–º–∏—Ä–æ–≤–∞—Ç—å –∏ —Ä–∞–∑–±–∏—Ä–∞–µ—Ç–µ—Å—å –≤ –∞–ª–≥–æ—Ä–∏—Ç–º–∞—Ö –∏ —Å—Ç—Ä—É–∫—Ç—É—Ä–∞—Ö –¥–∞–Ω–Ω—ã—Ö? 
 
–¢–µ—Ö–Ω–æ–ª–æ–≥–∏—á–µ—Å–∫–∏–π –¶–µ–Ω—Ç—Ä –î–æ–π—á–µ –ë–∞–Ω–∫–∞ –ø—Ä–∏–≥–ª–∞—à–∞–µ—Ç –≤–∞—Å —Å—Ç–∞—Ç—å —á–∞—Å—Ç—å—é –∫–æ–º–∞–Ω–¥—ã.
 
–ö–∞–∫–∏–µ —Ç—Ä–µ–±–æ–≤–∞–Ω–∏—è? 
‚Äî –≤—ã–ø—É—Å–∫–Ω–∏–∫ 2019‚Äì2020 –≥–æ–¥–∞ —Ñ–∞–∫—É–ª—å—Ç–µ—Ç–∞ –ò–¢, –ø—Ä–∏–∫–ª–∞–¥–Ω–æ–π –º–∞—Ç–µ–º–∞—Ç–∏–∫–∏ –∏–ª–∏ —Ñ–∏–∑–∏–∫–∏; 
‚Äî –∞–Ω–≥–ª–∏–π—Å–∫–∏–π —É—Ä–æ–≤–Ω—è Intermediate –∏ –≤—ã—à–µ; 
‚Äî –≥–æ—Ç–æ–≤–Ω–æ—Å—Ç—å —Ä–∞–±–æ—Ç–∞—Ç—å full-time.

–û—Å—Ç–∞–≤–∏—Ç—å –∑–∞—è–≤–∫—É: https://tprg.ru/mLjq",https://sun9-1.userapi.com/c200624/v200624651/c165/BSu4ITrmABg.jpg
1740,"–î–∞–≤–Ω–æ –∑–Ω–∞–ª, —á—Ç–æ —Å Android-—Ä–∞–∑—Ä–∞–±–æ—Ç—á–∏–∫–∞–º–∏ —á—Ç–æ-—Ç–æ –Ω–µ —Ç–∞–∫",https://sun9-16.userapi.com/c206628/v206628028/c361/8OLipELgezw.jpg
1145,"–ù–æ–≤—ã–π –º–æ–Ω–∏—Ç–æ—Ä –æ—Ç Apple –º–æ–∂–Ω–æ –±—É–¥–µ—Ç —á–∏—Å—Ç–∏—Ç—å —Ç–æ–ª—å–∫–æ –∏—Ö —Ñ–∏—Ä–º–µ–Ω–Ω–æ–π —Ç—Ä—è–ø–æ—á–∫–æ–π. –í–æ –≤—Å—è–∫–æ–º —Å–ª—É—á–∞–µ, Apple –Ω–∞ —ç—Ç–æ–º —Å–∏–ª—å–Ω–æ –Ω–∞—Å—Ç–∞–∏–≤–∞–µ—Ç. 
 
–ï—Å–ª–∏ –≤—ã –Ω–∞—Å—Ç–æ–ª—å–∫–æ –±–æ–≥–∞—Ç—ã, —á—Ç–æ –º–æ–∂–µ—Ç–µ —Å–µ–±–µ –ø–æ–∑–≤–æ–ª–∏—Ç—å –Ω–æ–≤—ã–π –º–æ–Ω–∏—Ç–æ—Ä –æ—Ç Apple –∑–∞ 5000 –¥–æ–ª–ª–∞—Ä–æ–≤, –∫ –∫–æ—Ç–æ—Ä–æ–º—É, –∫–æ–Ω–µ—á–Ω–æ –∂–µ, –Ω–∞–¥–æ –¥–æ–∫—É–ø–∏—Ç—å –µ—â—ë —Å—Ç–æ–π–∫—É –∑–∞ 1000 –¥–æ–ª–ª–∞—Ä–æ–≤, —Ç–æ –≤—ã —è–≤–Ω–æ –Ω–µ –∑–∞—Ö–æ—Ç–∏—Ç–µ –∫–∞—Å–∞—Ç—å—Å—è –µ—ë –ø–ª–µ–±–µ–π—Å–∫–æ–π —Ç–∫–∞–Ω—å—é. –¢–∞–∫ –¥—É–º–∞—é—Ç —è–±–ª–æ—á–Ω–∏–∫–∏, –≤—ã–ø—É—Å–∫–∞—è –º–∞–Ω—É–∞–ª –¥–ª—è —á–∏—Å—Ç–∫–∏ –º–æ–Ω–∏—Ç–æ—Ä–∞. –ù–µ–æ–±—Ö–æ–¥–∏–º–æ –∏—Å–ø–æ–ª—å–∑–æ–≤–∞—Ç—å —Ç–æ–ª—å–∫–æ —Ç—É —Ç—Ä—è–ø–æ—á–∫—É, –∫–æ—Ç–æ—Ä–∞—è –∏–¥—ë—Ç –≤ –∫–æ–º–ø–ª–µ–∫—Ç–µ. –í —Å–ª—É—á–∞–µ –ø–æ—Ç–µ—Ä–∏ —Ç—Ä—è–ø–æ—á–∫–∏, –Ω–µ–æ–±—Ö–æ–¥–∏–º–æ –ø–æ–∑–≤–æ–Ω–∏—Ç—å –≤ —Ç–µ—Ö–ø–æ–¥–¥–µ—Ä–∂–∫—É –∏ –∑–∞–∫–∞–∑–∞—Ç—å –Ω–æ–≤—É—é. –°—Ç–æ–∏–º–æ—Å—Ç—å —Ç—Ä—è–ø–æ—á–∫–∏ –ø–æ–∫–∞ –Ω–µ —Ä–∞—Å–∫—Ä—ã–≤–∞–µ—Ç—Å—è.

#–º–µ–º–æ–≤–æ—Å—Ç–∏@tnull",https://sun9-59.userapi.com/c200428/v200428433/c52c/o8wX3Gnlvnk.jpg
1296,–ù—É –∑–∞ —á—Ç–æ?,https://sun9-15.userapi.com/c858332/v858332638/123014/S_IoEct4DMQ.jpg
69,"–ú—ã –∏—â–µ–º –∞–≤—Ç–æ—Ä–∞ –º–µ–º–æ–≤–æ—Å—Ç–µ–π!
 
–ù–∞–≤–µ—Ä–Ω—è–∫–∞ –≤—ã –∑–∞–º–µ—Ç–∏–ª–∏, —á—Ç–æ –ø–æ—Å–ª–µ–¥–Ω–∏–π –º–µ—Å—è—Ü —É –Ω–∞—Å –≤ –ø–∞–±–ª–∏–∫–µ —Ä–µ–≥—É–ª—è—Ä–Ω–æ –≤—ã—Ö–æ–¥—è—Ç #–º–µ–º–æ–≤–æ—Å—Ç–∏@tnull. –¢–∞–∫ –≤–æ—Ç, –º—ã —Ö–æ—Ç–∏–º —Ä–∞–¥–æ–≤–∞—Ç—å –≤–∞—Å —Ç–∞–∫–∏–º –∫–æ–Ω—Ç–µ–Ω—Ç–æ–º –µ—â—ë –±–æ–ª—å—à–µ, –≤ —Å–≤—è–∑–∏ —Å —á–µ–º –Ω–∞–º –≤ –∫–æ–º–∞–Ω–¥—É –Ω—É–∂–µ–Ω –µ—â—ë –æ–¥–∏–Ω –∞–≤—Ç–æ—Ä.

–ß—Ç–æ –Ω—É–∂–Ω–æ –¥–µ–ª–∞—Ç—å? 
‚Äî –∫–∞–∂–¥—ã–π –¥–µ–Ω—å –Ω–∞—Ö–æ–¥–∏—Ç—å 2‚Äì3 –∞–∫—Ç—É–∞–ª—å–Ω—ã–µ/–∏–Ω—Ç–µ—Ä–µ—Å–Ω—ã–µ/–æ—Ä–Ω—ã–µ –Ω–æ–≤–æ—Å—Ç–∏ –∏–∑ —Å—Ñ–µ—Ä—ã IT –∏ —Ä–∞–∑—Ä–∞–±–æ—Ç–∫–∏;
‚Äî –ø—Ä–µ–≤—Ä–∞—â–∞—Ç—å –∏—Ö –≤ –ø–æ—Å—Ç—ã —Å–æ —Å–º–µ—à–Ω—ã–º–∏ –º–µ–º–∞–º–∏.

–í–æ—Ç —Ç–∞–∫–∏–µ –∫—Ä—É—Ç—ã–µ –ø–æ—Å—Ç—ã –º—ã —Ö–æ—Ç–∏–º –≤–∏–¥–µ—Ç—å –≤ –∏—Ç–æ–≥–µ:
‚Äî https://vk.com/wall-72495085_1031318 
‚Äî https://vk.com/wall-72495085_1024087 
‚Äî https://vk.com/wall-72495085_1027174
 
–ö–∞–∫–∏–º –º—ã –≤–∏–¥–∏–º –Ω–∞—à–µ–≥–æ –∞–≤—Ç–æ—Ä–∞? 
–ù–∞—à –∞–≤—Ç–æ—Ä 
‚Äî –≥—Ä–∞–º–æ—Ç–Ω–æ –ø–∏—à–µ—Ç –Ω–∞ —Ä—É—Å—Å–∫–æ–º;
‚Äî –æ–±–ª–∞–¥–∞–µ—Ç —Ö–æ—Ä–æ—à–∏–º —á—É–≤—Å—Ç–≤–æ–º —é–º–æ—Ä–∞;
‚Äî —à–∞—Ä–∏—Ç –≤ –∞–∫—Ç—É–∞–ª—å–Ω—ã—Ö –∏ –∫–ª–∞—Å—Å–∏—á–µ—Å–∫–∏—Ö –º–µ–º–∞—Ö; 
‚Äî –∫–∞–∂–¥—ã–π –¥–µ–Ω—å –≤—ã—Ö–æ–¥–∏—Ç –Ω–∞ —Å–≤—è–∑—å; 
‚Äî –≥–æ—Ç–æ–≤ –æ–ø–µ—Ä–∞—Ç–∏–≤–Ω–æ –æ–±—Ä–∞–±–∞—Ç—ã–≤–∞—Ç—å –∏–Ω—Ñ–æ–ø–æ–≤–æ–¥—ã;
‚Äî –Ω–µ –≤–æ—Å–ø—Ä–∏–Ω–∏–º–∞–µ—Ç –ø—Ä–∞–≤–∫–∏ –ø–æ—Å—Ç–æ–≤ –Ω–∞ —Å–≤–æ–π —Å—á—ë—Ç –∏ –≥–æ—Ç–æ–≤ —Ä–∞–±–æ—Ç–∞—Ç—å —Å –Ω–∏–º–∏.
 
–ú–æ–∂–Ω–æ —Ä–∞–±–æ—Ç–∞—Ç—å —É–¥–∞–ª—ë–Ω–Ω–æ, –∑–∞—Ä–ø–ª–∞—Ç—É –æ–ø—Ä–µ–¥–µ–ª–∏–º –ø–æ –∏—Ç–æ–≥–∞–º —Å–æ–±–µ—Å–µ–¥–æ–≤–∞–Ω–∏—è.
 
–•–æ—Ç–∏—Ç–µ –ø—Ä–∏—Å–æ–µ–¥–∏–Ω–∏—Ç—å—Å—è –∫ –∫–æ–º–∞–Ω–¥–µ? –¢–æ–≥–¥–∞ —Å–¥–µ–ª–∞–π—Ç–µ –≤ –ø—Ä–µ–¥–ª–æ–∂–∫—É –ø–∞–±–ª–∏–∫–∞ –∞–∫—Ç—É–∞–ª—å–Ω—É—é –º–µ–º–æ–≤–æ—Å—Ç—å. –° —Ç–µ–º–∏, —á—å–∏ –º–µ–º–æ–≤–æ—Å—Ç–∏ –Ω–∞–º –ø–æ–Ω—Ä–∞–≤—è—Ç—Å—è, –º—ã —Å–≤—è–∂–µ–º—Å—è –∏ –ø—Ä–æ–¥–æ–ª–∂–∏–º –æ–±—â–µ–Ω–∏–µ.

P.S. –ú–µ–º–æ–≤–æ—Å—Ç–∏ –∏–∑ –ø—Ä–µ–¥–ª–æ–∂–∫–∏ –±–µ–∑ —Ä–∞–∑—Ä–µ—à–µ–Ω–∏—è –ø—É–±–ª–∏–∫–æ–≤–∞—Ç—å –Ω–µ –±—É–¥–µ–º. –ê –µ—Å–ª–∏ –Ω–∞–º —á—Ç–æ-—Ç–æ –ø–æ–Ω—Ä–∞–≤–∏—Ç—Å—è, –∏ –≤—ã —Ä–∞–∑—Ä–µ—à–∏—Ç–µ, —Ç–æ –æ–ø—É–±–ª–∏–∫—É–µ–º –∏ –æ–ø–ª–∞—Ç–∏–º —Ä–∞–±–æ—Ç—É.",https://sun9-64.userapi.com/c855216/v855216081/19a85b/EH8D3J0RM0c.jpg
24,"–í–∞–º –Ω–µ –ø—Ä–∏–¥—ë—Ç—Å—è –±–æ—Ä–æ—Ç—å—Å—è —Å —Ö–∞–∫–µ—Ä–∞–º–∏, –µ—Å–ª–∏ –≤—ã –ø—Ä–æ—Å—á–∏—Ç–∞–µ—Ç–µ –∏—Ö –Ω–∞ –Ω–µ—Å–∫–æ–ª—å–∫–æ —à–∞–≥–æ–≤ –≤–ø–µ—Ä—ë–¥.

–ê –ø–æ–º–æ–∂–µ—Ç —Å —ç—Ç–∏–º –±–µ—Å–ø–ª–∞—Ç–Ω—ã–π –≤–µ–±–∏–Ω–∞—Ä –ø–æ –∫–∏–±–µ—Ä–±–µ–∑–æ–ø–∞—Å–Ω–æ—Å—Ç–∏ –¥–ª—è —Ü–∏—Ñ—Ä–æ–≤–æ–≥–æ –±–∏–∑–Ω–µ—Å–∞: https://tprg.ru/mont10

–ù–∞—á–∞–ª–æ 13 –¥–µ–∫–∞–±—Ä—è –≤ 11:00 –ú–°–ö, —Å–ø–∏–∫–µ—Ä ‚Äî —Å–µ—Ä—Ç–∏—Ñ–∏—Ü–∏—Ä–æ–≤–∞–Ω–Ω—ã–π —Å–ø–µ—Ü–∏–∞–ª–∏—Å—Ç –ø–æ —Å–µ—Ä–≤–∏—Å–∞–º Microsoft –î–º–∏—Ç—Ä–∏–π –£–∑–ª–æ–≤. –ü—Ä–æ—Å—Ç—ã–º–∏ —Å–ª–æ–≤–∞–º–∏ –æ–±—ä—è—Å–Ω–∏—Ç, –∫–∞–∫ –∑–∞—â–∏—Ç–∏—Ç—å –∏–Ω—Ñ—Ä–∞—Å—Ç—Ä—É–∫—Ç—É—Ä—É –±–∏–∑–Ω–µ—Å–∞ —Å—Ä–µ–¥—Å—Ç–≤–∞–º–∏ –æ–±–ª–∞—á–Ω–æ–π –ø–ª–∞—Ç—Ñ–æ—Ä–º—ã Microsoft 365.

–≠—Ç–æ #–ø–∞—Ä—Ç–Ω—ë—Ä—Å–∫–∏–π –ø–æ—Å—Ç",https://sun9-64.userapi.com/c855216/v855216081/19a85b/EH8D3J0RM0c.jpg
734,.–∫–∞–º–µ–Ω—å { z-index:-1; } .—Å–∫–∞–º–µ–π–∫–∞ { z-index: -1;},https://sun9-50.userapi.com/c204824/v204824405/bf02/qHqU3f2KRVY.jpg
2015,–ö–æ–≥–¥–∞ –≤–µ—Ä–Ω—É–ª—Å—è –∫ –∫–æ–¥–∏–Ω–≥—É –ø–æ—Å–ª–µ —Ç—Ä–µ—Ö–º–µ—Å—è—á–Ω–æ–≥–æ –ø–µ—Ä–µ—Ä—ã–≤–∞,https://sun9-37.userapi.com/c857320/v857320257/821c0/y3ENSX3eEL8.jpg
1428,"–≠—Ö, –±—ã–ª–∏ –≤—Ä–µ–º–µ–Ω–∞",https://sun9-61.userapi.com/c857320/v857320257/821b6/4hEm58tgJgI.jpg
763,–ú–æ–∏ —Å–∫–∏–ª –ø–æ–∏—Å–∫–∞ –≤ –∏–Ω—Ç–µ—Ä–Ω–µ—Ç–µ —É–¥–≤–æ–∏–ª—Å—è —Å –Ω–∞—à–µ–π –ø–æ—Å–ª–µ–¥–Ω–µ–π –≤—Å—Ç—Ä–µ—á–∏,https://sun9-16.userapi.com/c857736/v857736875/1076f8/6XhBefuCaPg.jpg
1324,"–ù–µ –∫–æ—Å—Ç—ã–ª—å, –∞ –∞—Ä—Ö–∏—Ç–µ–∫—Ç—É—Ä–Ω–æ–µ —Ä–µ—à–µ–Ω–∏–µ",https://sun9-45.userapi.com/c857624/v857624696/10aecc/1l3OV-4DtHw.jpg
649,–ê —Å–∫–æ–ª—å–∫–æ TODO —É –≤–∞—Å –≤ –∫–æ–¥–µ?,https://sun9-18.userapi.com/c857436/v857436269/1049be/YcV3rAe9aPU.jpg
1280,Google –æ—á–µ–Ω—å —Ö–æ—Ä–æ—à–æ –º–µ–Ω—è –∑–Ω–∞–µ—Ç,https://sun9-22.userapi.com/c857436/v857436269/1049b6/i3rKWgftblE.jpg
8,"5‚Äì6 –¥–µ–∫–∞–±—Ä—è –≤ –æ—Ç–µ–ª–µ ¬´–†–µ–Ω–µ—Å—Å–∞–Ω—Å –ú–æ—Å–∫–≤–∞ –ú–æ–Ω–∞—Ä—Ö –¶–µ–Ω—Ç—Ä¬ª —Å–æ—Å—Ç–æ–∏—Ç—Å—è –∫–æ–Ω—Ñ–µ—Ä–µ–Ω—Ü–∏—è –ø—Ä–æ —Ç–µ—Å—Ç–∏—Ä–æ–≤–∞–Ω–∏–µ Heisenbug 2019 Moscow: https://tprg.ru/heisenbug19m 
 
¬´–ó–≤—ë–∑–¥—ã¬ª –∏–Ω–¥—É—Å—Ç—Ä–∏–∏ –∏ –µ–≤–∞–Ω–≥–µ–ª–∏—Å—Ç—ã —Ç–µ—Ö–Ω–æ–ª–æ–≥–∏–π –ø–æ–¥–µ–ª—è—Ç—Å—è —Ä–µ–∞–ª—å–Ω—ã–º –æ–ø—ã—Ç–æ–º —Ä–∞–±–æ—Ç—ã –≤ –º–µ–∂–¥—É–Ω–∞—Ä–æ–¥–Ω—ã—Ö –∫–æ–º–ø–∞–Ω–∏—è—Ö –∏ —Ä–∞—Å—Å–∫–∞–∑–∞–º–∏ –æ —Ç–µ—Ö–Ω–æ–ª–æ–≥–∏—è—Ö, –∞ —Ç–∞–∫–∂–µ –æ–±—Å—É–¥—è—Ç –≤—Å–µ –Ω–∞–±–æ–ª–µ–≤—à–∏–µ –≤–æ–ø—Ä–æ—Å—ã –≤ –∑–∞–∫—É–ª–∏—Å—å–µ –≤–æ –≤—Ä–µ–º—è BoF-—Å–µ—Å—Å–∏–π –±–µ–∑ –æ–≥—Ä–∞–Ω–∏—á–µ–Ω–∏–π –ø–æ –≤—Ä–µ–º–µ–Ω–∏ –∏ —Ñ–æ—Ä–º–∞—Ç—É. 
 
–ö–æ–Ω—Ñ–µ—Ä–µ–Ω—Ü–∏—è –±—É–¥–µ—Ç –ø–æ–ª–µ–∑–Ω–∞ –Ω–µ —Ç–æ–ª—å–∫–æ —Ä—É—á–Ω—ã–º —Ç–µ—Å—Ç–∏—Ä–æ–≤—â–∏–∫–∞–º, –Ω–æ –∏ —Ä–∞–∑—Ä–∞–±–æ—Ç—á–∏–∫–∞–º, –∞–≤—Ç–æ–º–∞—Ç–∏–∑–∞—Ç–æ—Ä–∞–º –∏ –º–µ–Ω–µ–¥–∂–µ—Ä–∞–º.

–≠—Ç–æ #–ø–∞—Ä—Ç–Ω—ë—Ä—Å–∫–∏–π –ø–æ—Å—Ç",https://sun9-22.userapi.com/c857436/v857436269/1049b6/i3rKWgftblE.jpg
757,–ù–∞ –≥—É–≥–ª-–∫–∞—Ä—Ç–∞—Ö –±—ã–ª–∞ –Ω–∞–π–¥–µ–Ω–∞ –¥–æ—Ä–æ–≥–∞ –≤ —Ä–∞–π,https://sun9-22.userapi.com/c857436/v857436269/1049b6/i3rKWgftblE.jpg
513,"Google –æ—Ç–∫–∞–∑–∞–ª—Å—è –æ—Ç –æ–±—É—á–µ–Ω–∏—è –Ω–µ–π—Ä–æ—Å–µ—Ç–µ–π –Ω–∞ –±–µ–∑–¥–æ–º–Ω—ã—Ö —Ç–µ–º–Ω–æ–∫–æ–∂–∏—Ö. –ò –Ω–µ—Ç, –Ω–µ –ø–æ—Ç–æ–º—É —á—Ç–æ –æ–Ω–∏ –∫–æ–Ω—á–∏–ª–∏—Å—å.
 
–û–∫–∞–∑—ã–≤–∞–µ—Ç—Å—è, –∏–∑-–∑–∞ –ø—Ä–æ–±–ª–µ–º —Å –∏–∑–≤–µ—á–Ω—ã–º —Å–º–µ—â–µ–Ω–∏–µ–º –Ω–µ–π—Ä–æ—Å–µ—Ç–µ–π –≤ —Å—Ç–æ—Ä–æ–Ω—É –±–µ–ª—ã—Ö –µ–≤—Ä–æ–ø–µ–π—Å–∫–∏—Ö –ª–∏—Ü Google —Ä–µ—à–∏–ª –≤—Å–µ–º–∏ –ø—Ä–∞–≤–¥–∞–º–∏-–Ω–µ–ø—Ä–∞–≤–¥–∞–º–∏ –ø–æ–ª—É—á–∞—Ç—å –ø–æ–ª–Ω—ã–µ —Ç—Ä–µ–Ω–∏—Ä–æ–≤–æ—á–Ω—ã–µ –¥–∞–Ω–Ω—ã–µ. –î–ª—è —ç—Ç–æ–≥–æ –ö–æ—Ä–ø–æ—Ä–∞—Ü–∏—è –î–æ–±—Ä–∞ –ø—Ä–∏–¥—É–º–∞–ª–∞ –ø–ª–∞–Ω, –Ω–∞–¥—ë–∂–Ω—ã–π, –∫–∞–∫ —à–≤–µ–π—Ü–∞—Ä—Å–∫–∏–µ —á–∞—Å—ã ‚Äî –ø–ª–∞—Ç–∏—Ç—å –±–µ–∑–¥–æ–º–Ω—ã–º –∞—Ñ—Ä–æ–∞–º–µ—Ä–∏–∫–∞–Ω—Ü–∞–º 5 –¥–æ–ª–ª–∞—Ä–æ–≤ –∑–∞ –≤–æ–∑–º–æ–∂–Ω–æ—Å—Ç—å –∏—Ö —Å—Ñ–æ—Ç–æ–≥—Ä–∞—Ñ–∏—Ä–æ–≤–∞—Ç—å. –ù—É —Ç–∞–∫ –≤–æ—Ç, –ø–æ—Å–ª–µ —Ç–æ–≥–æ, –∫–∞–∫ NY Daily Times –ø—Ä–æ–≤–µ–ª–∞ —Ä–∞—Å—Å–ª–µ–¥–æ–≤–∞–Ω–∏–µ, —ç—Ç–æ —Ñ–æ—Ç–æ-—Å–∞—Ñ–∞—Ä–∏ –ø–æ –∞–º–µ—Ä–∏–∫–∞–Ω—Å–∫–∏–º —Ç—Ä—É—â–æ–±–∞–º –∏ —É–ª–∏—Ü–∞–º –≤–Ω–µ–∑–∞–ø–Ω–æ –ø—Ä–µ–∫—Ä–∞—Ç–∏–ª–∏. –¢–µ–ø–µ—Ä—å –≤—Å–µ —Ñ–æ—Ç–æ —á–µ—Ä–Ω–æ–∫–æ–∂–∏—Ö –±—É–¥—É—Ç —Å–æ–±–∏—Ä–∞—Ç—å—Å—è —Ç–æ–ª—å–∫–æ –≤ –∫–∞–º–ø—É—Å–∞—Ö Google.

#–º–µ–º–æ–≤–æ—Å—Ç–∏@tnull",https://sun9-16.userapi.com/c858132/v858132162/fed4b/niPc_1XXddI.jpg
24,"–í—Å–µ–≥–æ –∑–∞ —Ç—Ä–∏ –≤–µ—á–µ—Ä–∞ –º—ã –Ω–∞—É—á–∏–º —Ç–µ–±—è –ø—Ä–æ–≥—Ä–∞–º–º–∏—Ä–æ–≤–∞—Ç—å –Ω–∞ –±–∞–∑–æ–≤–æ–º —É—Ä–æ–≤–Ω–µ, —Ä–∞–±–æ—Ç–∞—Ç—å —Å –æ—Ç–∫—Ä—ã—Ç—ã–º–∏ –¥–∞–Ω–Ω—ã–º–∏ –∏–∑ –∏–Ω—Ç–µ—Ä–Ω–µ—Ç–∞ –∏ –ø—Ä–µ–¥—Å–∫–∞–∑—ã–≤–∞—Ç—å –∫—É—Ä—Å –¥–æ–ª–ª–∞—Ä–∞!

–£—Å–ø–µ–π –∑–∞—Ä–µ–≥–∏—Å—Ç—Ä–∏—Ä–æ–≤–∞—Ç—å—Å—è –ø–æ —Å—Å—ã–ª–∫–µ: ‚ñ∂ https://vk.cc/a4auNi.

üíª –ü–æ–∑–Ω–∞–∫–æ–º—å—Å—è —Å Python –∏ Machine Learning —Å –Ω—É–ª—è.
üí° –°–æ–∑–¥–∞–π —Å–∞–º–æ—Å—Ç–æ—è—Ç–µ–ª—å–Ω—ã–π –ø—Ä–æ–µ–∫—Ç, –∫–æ—Ç–æ—Ä—ã–π –º–æ–∂–Ω–æ –ø–æ–ª–æ–∂–∏—Ç—å –≤ –ø–æ—Ä—Ç—Ñ–æ–ª–∏–æ.
üìà –û—Ü–µ–Ω–∏ –∫–∞—á–µ—Å—Ç–≤–æ –Ω–∞–ø–∏—Å–∞–Ω–Ω–æ–π –º–æ–¥–µ–ª–∏ –≤–º–µ—Å—Ç–µ —Å —ç–∫—Å–ø–µ—Ä—Ç–æ–º.

–ò–Ω—Ç–µ–Ω—Å–∏–≤ –ø—Ä–æ–≤–µ–¥—ë—Ç –ú–∏—Ö–∞–∏–ª –û–≤—á–∏–Ω–Ω–∏–∫–æ–≤ ‚Äî –≥—É—Ä—É Data Science, –≥–ª–∞–≤–Ω—ã–π –º–µ—Ç–æ–¥–∏—Å—Ç —Ç–µ—Ö–Ω–∏—á–µ—Å–∫–æ–≥–æ –Ω–∞–ø—Ä–∞–≤–ª–µ–Ω–∏—è Skillbox!

üéÅ –°—Ç–∞–Ω—å –æ–¥–Ω–∏–º –∏–∑ –ª—É—á—à–∏—Ö –∏ –ø–æ–ª—É—á–∏ –≥—Ä–∞–Ω—Ç –Ω–∞ 30 000 —Ä—É–±–ª–µ–π –¥–ª—è –æ–±—É—á–µ–Ω–∏—è –≤ Skillbox!",https://sun9-26.userapi.com/c853428/v853428673/172f02/joTLj8ZNlds.jpg
1291,"‚Äî –ü–æ–º–æ–≥–∏—Ç–µ, —è –Ω–∞–±—Ä–∞–ª -4 –≤ —Ç–µ—Å—Ç–µ –Ω–∞ IQ —á—Ç–æ –¥–µ–ª–∞—Ç—å
‚Äî –ü—Ä–æ—Å—Ç–æ —É–±–µ—Ä–∏ –∑–Ω–∞–∫ –º–∏–Ω—É—Å–∞ –∏ –¥–æ–±–∞–≤—å –¥–≤–∞ –Ω—É–ª—è –≤ –∫–æ–Ω—Ü–µ
‚Äî –ü–æ–º–æ–≥–∏—Ç–µ, —è –Ω–∞–±—Ä–∞–ª 4 –≤ —Ç–µ—Å—Ç–µ –Ω–∞ IQ —á—Ç–æ –¥–µ–ª–∞—Ç—å 00",https://sun9-26.userapi.com/c853428/v853428673/172f02/joTLj8ZNlds.jpg
1366,–ö–æ–≥–¥–∞ –ø—Ä–æ—Ç–µ—Å—Ç–∏—Ä–æ–≤–∞–ª –∫–æ–¥ –∏ –≤—ã–∫–∞—Ç—ã–≤–∞–µ—à—å –Ω–∞ –ø—Ä–æ–¥,https://sun9-26.userapi.com/c853428/v853428673/172f02/joTLj8ZNlds.jpg
1004,"–í –ê–º–µ—Ä–∏–∫–µ –Ω–∞—á–∞–ª–∏ —Ä–∞—Å—Å–ª–µ–¥–æ–≤–∞–Ω–∏–µ –ø—Ä–æ—Ç–∏–≤ ¬´—Å–µ–∫—Å–∏—Å—Ç—Å–∫–æ–π¬ª –±–∞–Ω–∫–æ–≤—Å–∫–æ–π –∫–∞—Ä—Ç–æ—á–∫–∏ Apple. –î–ª—è –∂–µ–Ω—â–∏–Ω –∫—Ä–µ–¥–∏—Ç–Ω—ã–π –ª–∏–º–∏—Ç –ø—Ä–µ–¥–æ—Å—Ç–∞–≤–ª—è–ª—Å—è –≤ 10-20 —Ä–∞–∑ –º–µ–Ω—å—à–µ, —á–µ–º –¥–ª—è –º—É–∂—á–∏–Ω. –ü—Ä–∏—á—ë–º –ø–æ–¥ —Ä–∞–∑–¥–∞—á—É –ø–æ–ø–∞–ª–∞ –∏ –∂–µ–Ω–∞ —Å–æ–æ—Å–Ω–æ–≤–∞—Ç–µ–ª—è Apple –°—Ç–∏–≤–∞ –í–æ–∑–Ω—è–∫–∞. 
 
–û–¥–Ω–∞–∫–æ –Ω–µ–∫–æ—Ç–æ—Ä—ã–µ —Å–ø–µ—Ü–∏–∞–ª–∏—Å—Ç—ã –≤—Å—Ç—É–ø–∏–ª–∏—Å—å –∑–∞ Apple, —É—Ç–≤–µ—Ä–∂–¥–∞—è —á—Ç–æ –ø—Ä–æ–±–ª–µ–º–∞ –∫–∞—Ä—Ç–æ—á–∫–∏-—É–≥–Ω–µ—Ç–∞–ª–æ—á–∫–∏ –≤ –∑–∞–ª–æ–∂–µ–Ω–Ω–æ–º –∞–ª–≥–æ—Ä–∏—Ç–º–µ, –∫–æ—Ç–æ—Ä—ã–π —Å—Ç–∞–ª –º–µ–Ω–µ–µ –ª–æ—è–ª—å–Ω—ã–º –∫ –∂–µ–Ω—â–∏–Ω–∞–º, –∞ –Ω–µ –≤ –ø–æ–ª–∏—Ç–∏–∫–µ –∫–æ–º–ø–∞–Ω–∏–∏. –í–ø–æ–ª–Ω–µ –≤–æ–∑–º–æ–∂–Ω–æ, —á—Ç–æ —è–±–ª–æ—á–Ω–∏–∫–æ–≤ –∑–∞—Å—É–¥—è—Ç –∑–∞ –Ω–∞—Ä—É—à–µ–Ω–∏–µ –∑–∞–∫–æ–Ω–∞ –æ —Ä–∞–≤–Ω–æ–º –æ—Ç–Ω–æ—à–µ–Ω–∏–∏ –∫ –∫–ª–∏–µ–Ω—Ç–∞–º –Ω–µ–∑–∞–≤–∏—Å–∏–º–æ –æ—Ç –ø–æ–ª–∞. –°–∞–º–∞ –∂–µ –∫–æ–º–ø–∞–Ω–∏—è —Å–∫–∞–∑–∞–ª–∞, —á—Ç–æ –≤—Å–µ –∞–ª–≥–æ—Ä–∏—Ç–º—ã —Ä–∞–±–æ—Ç–∞—é—Ç —Ç–æ–ª—å–∫–æ —Å –∫—Ä–µ–¥–∏—Ç–Ω–æ–π –∏—Å—Ç–æ—Ä–∏–µ–π –ø–æ–ª—å–∑–æ–≤–∞—Ç–µ–ª–µ–π, –Ω–µ –ø—Ä–∏–Ω–∏–º–∞—è –≤–æ –≤–Ω–∏–º–∞–Ω–∏–µ –ø–æ–ª, —Ä–∞—Å—É, –≤–æ–∑—Ä–∞—Å—Ç –∏ —Å–µ–∫—Å—É–∞–ª—å–Ω—É—é –æ—Ä–∏–µ–Ω—Ç–∞—Ü–∏—é.

#–º–µ–º–æ–≤–æ—Å—Ç–∏@tnull",https://sun9-61.userapi.com/c857320/v857320879/41828/l-c7p6phv_4.jpg
2807,"–õ–∏–±–æ –∫–æ–º–ø–∏–ª–∏—Ç—Å—è, –ª–∏–±–æ –∏–º—è –ø–µ—Ä–µ–º–µ–Ω–Ω–æ–π –ø—Ä–∏–¥—É–º—ã–≤–∞–µ—à—å",https://sun9-58.userapi.com/c855520/v855520400/15c801/7HneE6Zboxo.jpg
2942,–ü—Ä–æ–≥—Ä–∞–º–º–∏—Ä–æ–≤–∞–Ω–∏–µ —Å—Ç–∞—Ä–æ–π —à–∫–æ–ª—ã,https://sun9-48.userapi.com/c855520/v855520400/15c7ee/WEOT9NfDP9s.jpg
992,,https://sun9-7.userapi.com/c857224/v857224341/4030e/6JdVU8qKig4.jpg
3354,–ù—É–∂–Ω–æ –±—ã–ª–æ —É—á–∏—Ç—å Python,https://sun9-42.userapi.com/c856136/v856136341/14ea8a/0wJTAg_wqxc.jpg
14,"–°–∫–æ—Ä–æ –ø—Ä–æ–π–¥—É—Ç –±–µ—Å–ø–ª–∞—Ç–Ω—ã–µ –≤–µ–±–∏–Ω–∞—Ä—ã –ø–æ –º–∞—à–∏–Ω–∫–µ –∏ –≤–µ–±—É –æ—Ç OTUS!

12 –Ω–æ—è–±—Ä—è –±—É–¥–µ—Ç–µ –∏—Å–∫–∞—Ç—å –∞–Ω–æ–º–∞–ª–∏–∏ –≤ –¥–∞–Ω–Ω—ã—Ö: https://otus.pw/JNPF/ ‚Äî –∞ –µ—â—ë —Ä–∞—Å—Å–∫–∞–∂—É—Ç –ø—Ä–æ –≤–∞–ª–∏–¥–∞—Ü–∏—é –±–µ–∑ —Ä–∞–∑–º–µ—Ç–∫–∏. 

–ê 15 –Ω–æ—è–±—Ä—è –ø–æ–∫–∞–∂—É—Ç —Ç—Ä—é–∫–∏ –≤ Django ORM: https://otus.pw/WWMCj/. –ü–æ–∑–Ω–∞–∫–æ–º—è—Ç —Å —Ä–∞–∑–Ω—ã–º–∏ –∏–Ω—Å—Ç—Ä—É–º–µ–Ω—Ç–∞–º–∏ –∏ –≤—ã—Ä–∞–∂–µ–Ω–∏—è–º–∏, —Ä–∞–∑–±–µ—Ä—É—Ç –Ω–∞–∏–±–æ–ª–µ–µ –ø–æ–ø—É–ª—è—Ä–Ω—ã–µ –æ—à–∏–±–∫–∏.

–≠—Ç–æ #–ø–∞—Ä—Ç–Ω—ë—Ä—Å–∫–∏–π –ø–æ—Å—Ç",https://sun9-127.userapi.com/c858436/v858436575/d45fc/FSwCQjyoPz0.jpg
1813,–ë–∞–≥–æ–≤? –ù–æ—Ä–º–∞–ª—å–Ω–∞—è —Å–∏—Ç—É–∞—Ü–∏—è.,https://sun9-68.userapi.com/c857324/v857324250/423f2/lwQkkaoQFlY.jpg
1182,–ù–∞–π–¥–µ–Ω–∞ –ª—É—á—à–∞—è –∫–ª–∞–≤–∏–∞—Ç—É—Ä–∞,https://sun9-3.userapi.com/c855220/v855220152/15bff6/PkCaNGYodqY.jpg
3405,–ù–∞—à–µ–ª –Ω–∞ GitHub-–µ –∫–∞–ª—å–∫—É–ª—è—Ç–æ—Ä,https://sun9-63.userapi.com/c854328/v854328622/15a8c1/fFsRHUHw2F8.jpg
37,"–¢–µ–±–µ –∏–Ω—Ç–µ—Ä–µ—Å–Ω–æ, –∫–∞–∫ —Å–æ–∑–¥–∞—é—Ç—Å—è –∏–≥—Ä—ã? –•–æ—á–µ—à—å –Ω–µ —Ç–æ–ª—å–∫–æ —É—Å–ª—ã—à–∞—Ç—å —Ç–µ–æ—Ä–∏—é, –Ω–æ –∏ —Å–∞–º–æ—Å—Ç–æ—è—Ç–µ–ª—å–Ω–æ –Ω–∞–ø–∏—Å–∞—Ç—å –∏–≥—Ä—É –Ω–∞ Unity? –ù–∞ —ç—Ç–æ –ø–æ—Ç—Ä–µ–±—É–µ—Ç—Å—è –≤—Å–µ–≥–æ —Ç—Ä–∏ –≤–µ—á–µ—Ä–∞!

–ü—Ä–∏—Å–æ–µ–¥–∏–Ω—è–π—Å—è –∫ –±–µ—Å–ø–ª–∞—Ç–Ω–æ–º—É –∏–Ω—Ç–µ–Ω—Å–∏–≤—É 
üîú https://vk.cc/a02TzG. 

–¢—ã –Ω–∞—É—á–∏—à—å—Å—è:
‚úî —É–ø—Ä–∞–≤–ª—è—Ç—å –∫–∞–º–µ—Ä–æ–π;
‚úî —Å–æ–∑–¥–∞–≤–∞—Ç—å —Ñ–æ–Ω;
‚úî –ø—Ä–æ–≥—Ä–∞–º–º–∏—Ä–æ–≤–∞—Ç—å –¥–≤–∏–∂–µ–Ω–∏–µ –æ–±—ä–µ–∫—Ç–∞;
‚úî –¥–æ–±–∞–≤–ª—è—Ç—å –ø—Ä–æ—Ç–∏–≤–Ω–∏–∫–æ–≤;
‚úî —Å–æ–∑–¥–∞–≤–∞—Ç—å –ø—Ä–µ–ø—è—Ç—Å—Ç–≤–∏—è –∏ —ç—Ñ—Ñ–µ–∫—Ç—ã;
‚úî –¥–æ–±–∞–≤–ª—è—Ç—å –∑–≤—É–∫–æ–≤–æ–µ –æ—Ñ–æ—Ä–º–ª–µ–Ω–∏–µ.
–ö–∞–∂–¥—ã–π —Å–º–æ–∂–µ—Ç –∑–∞–¥–∞—Ç—å –≤–æ–ø—Ä–æ—Å—ã –ø—Ä–µ–ø–æ–¥–∞–≤–∞—Ç–µ–ª—é –∏ –ø–æ–æ–±—â–∞—Ç—å—Å—è —Å –¥—Ä—É–≥–∏–º–∏ —É—á–∞—Å—Ç–Ω–∏–∫–∞–º–∏ –∏–Ω—Ç–µ–Ω—Å–∏–≤–∞ –≤ –∑–∞–∫—Ä—ã—Ç–æ–º —á–∞—Ç–µ –≤ Telegram.
 
–¢—Ä–∏ –∞–≤—Ç–æ—Ä–∞ –ª—É—á—à–∏—Ö –ø—Ä–æ–µ–∫—Ç–æ–≤ –ø–æ–ª—É—á–∞—Ç —Å–µ—Ä—Ç–∏—Ñ–∏–∫–∞—Ç—ã –Ω–∞ 30 000 —Ä—É–±–ª–µ–π –¥–ª—è –ø–æ—Å—Ç—É–ø–ª–µ–Ω–∏—è –Ω–∞ –ª—é–±–æ–π –∫—É—Ä—Å Skillbox!",https://sun9-23.userapi.com/c855424/v855424261/153a07/UJG8O1MhSso.jpg
826,–°—Ç–∞–±–∏–ª—å–Ω—ã–π? –°–µ–π—á–∞—Å –∏—Å–ø—Ä–∞–≤–∏–º,https://sun9-13.userapi.com/c854328/v854328978/132676/OHhv7jOM02M.jpg
1295,–Ø —Å –∫–æ–ª–ª–µ–≥–æ–π —Ä–µ—à–∞—é –∑–∞–¥–∞—á—É –ø—Ä–∏ –ø–æ–º–æ—â–∏ —Å–æ–≤—Å–µ–º –Ω–µ–ø–æ–¥—Ö–æ–¥—è—â–µ–≥–æ —Ñ—Ä–µ–π–º–≤–æ—Ä–∫–∞,https://sun9-13.userapi.com/c854328/v854328978/132676/OHhv7jOM02M.jpg
1593,"–ü–æ—á–µ–º—É —è –≤–º–µ—Å—Ç–æ –ø–æ–Ω—è—Ç–Ω—ã—Ö —Å–æ–æ–±—â–µ–Ω–∏–π –≤—Å–µ–≥–¥–∞ –¥–µ–ª–∞—é printf(""adasdasd"")?",https://sun9-41.userapi.com/c858016/v858016968/ba10a/hVwg0ura1cM.jpg
1069,"–í–∏–¥–µ–ª —Å–µ–≥–æ–¥–Ω—è –ø–∞—Ä–Ω—è –≤ –∫–∞–ª—å—è–Ω–Ω–æ–π, –∫–æ—Ç–æ—Ä—ã–π –∏—Å—Å–ª–µ–¥–æ–≤–∞–ª –¥–∞–Ω–Ω—ã–µ.
–ù–∏–∫–∞–∫–æ–≥–æ –ø–∞–π—Ç–æ–Ω–∞.
–ù–∏–∫–∞–∫–æ–≥–æ –∫–ª–∏–∫—Ö–∞—É—Å–∞.
–í–û–û–ë–©–ï –ù–ò–ö–ê–ö–û–ì–û –ö–û–î–ê.
–ü—Ä–æ—Å—Ç–æ —Å–∏–¥–µ–ª –∏ —Å–º–æ—Ç—Ä–µ–ª –≤ —Ç–∞–±–ª–∏—Ü—É —Å —á–∏—Å–ª–∞–º–∏.
–ö–∞–∫ –ø—Å–∏—Ö–æ–ø–∞—Ç –∫–∞–∫–æ–π-—Ç–æ.",https://sun9-41.userapi.com/c858016/v858016968/ba10a/hVwg0ura1cM.jpg
10,"–°–º–æ–∂–µ—Ç–µ —Å–¥–µ–ª–∞—Ç—å –∫—Ä–µ–∞—Ç–∏–≤–Ω–æ–µ –∏ –≤–∏—Ä—É—Å–Ω–æ–µ —Ä–µ—à–µ–Ω–∏–µ –ø–æ –≤–∏–∑—É–∞–ª–∏–∑–∞—Ü–∏–∏ —Å–æ–æ–±—â–µ–Ω–∏–π –¥–ª—è –º–µ—Å—Å–µ–Ω–¥–∂–µ—Ä–æ–≤? –¢–∞–∫–æ–µ –∂–¥—É—Ç –Ω–∞ —Ö–∞–∫–∞—Ç–æ–Ω–µ Photo Hack –í–µ–ª–∏–∫–∏–π –ù–æ–≤–≥–æ—Ä–æ–¥. 

–ú–æ–∂–Ω–æ –ø–∏–ª–∏—Ç—å –∏ –¥–ª—è –º–æ–±–∏–ª—å–Ω—ã—Ö –ø–ª–∞—Ç—Ñ–æ—Ä–º, –∏ –¥–ª—è –≤–µ–±–∞. –†–µ–≥–∏—Å—Ç—Ä–∞—Ü–∏—è –¥–æ 8 –Ω–æ—è–±—Ä—è: https://tprg.ru/phvn

–≠—Ç–æ #–ø–∞—Ä—Ç–Ω—ë—Ä—Å–∫–∏–π –ø–æ—Å—Ç",https://sun9-41.userapi.com/c858016/v858016968/ba10a/hVwg0ura1cM.jpg
849,–ü—É—Å—Ç–∏–ª —Å–ª–µ–∑—É...,https://sun9-41.userapi.com/c858016/v858016968/ba10a/hVwg0ura1cM.jpg
586,"–í –Ω–µ—Å–∫–æ–ª—å–∫–∏—Ö —Å–≤–æ–∏—Ö –Ω–µ–¥–∞–≤–Ω–∏—Ö –∑–∞—è–≤–ª–µ–Ω–∏—è—Ö Google —Ä–∞—Å—Å–∫–∞–∑—ã–≤–∞–ª–∞ –æ —Ç–æ–º, —á—Ç–æ –∏—Ö –Ω–æ–≤—ã–π –∫–≤–∞–Ω—Ç–æ–≤—ã–π –ø—Ä–æ—Ü–µ—Å—Å–æ—Ä Sycamore –¥–æ—Å—Ç–∏–≥ ¬´–∫–≤–∞–Ω—Ç–æ–≤–æ–≥–æ –ø—Ä–µ–≤–æ—Å—Ö–æ–¥—Å—Ç–≤–∞¬ª. –û–Ω —Å–º–æ–≥ —Ä–µ—à–∏—Ç—å –∫–æ–Ω–∫—Ä–µ—Ç–Ω—É—é –≤—ã—á–∏—Å–ª–∏—Ç–µ–ª—å–Ω—É—é –∑–∞–¥–∞—á—É –∑–∞ 200 —Å–µ–∫—É–Ω–¥, –Ω–∞ —á—Ç–æ —Å–æ–≤—Ä–µ–º–µ–Ω–Ω—ã–º —Å—É–ø–µ—Ä–∫–æ–º–ø—å—é—Ç–µ—Ä–∞–º –ø–æ—Ç—Ä–µ–±–æ–≤–∞–ª–æ—Å—å –±—ã 10 —Ç—ã—Å—è—á –ª–µ—Ç. 
 
–ö–æ–Ω–µ—á–Ω–æ —Ç–∞–∫–∏–µ –≥—Ä–æ–º–∫–∏–µ —Å–ª–æ–≤–∞ –≤—Å–µ –∑–∞—Ö–æ—Ç—è—Ç –ø—Ä–æ–≤–µ—Ä–∏—Ç—å, –∏ –Ω–∞ —ç—Ç–æ—Ç —Ä–∞–∑ –≤ –∫–≤–∞–Ω—Ç–æ–≤—ã–π —Å—Ä–∞—á –≤—Å—Ç—É–ø–∏–ª–∞ –∫–æ–º–ø–∞–Ω–∏—è IBM. –û–Ω–∞ —Å —Ö–æ–¥—É –∑–∞—è–≤–∏–ª–∞ —á—Ç–æ Google –∏—Å–ø–æ–ª—å–∑–æ–≤–∞–ª–∏ –æ–±—ã—á–Ω—ã–π —Å—É–ø–µ—Ä–∫–æ–º–ø—å—é—Ç–µ—Ä (–¥–æ–∫–∞—Ç–∏–ª–∏—Å—å, –æ–±—ã—á–Ω—ã–π —Å—É–ø–µ—Ä–∫–æ–º–ø—å—é—Ç–µ—Ä) –Ω–µ–æ–ø—Ç–∏–º–∞–ª—å–Ω—ã–º –æ–±—Ä–∞–∑–æ–º, –∏ —á—Ç–æ —ç—Ç—É –∑–∞–¥–∞—á—É –º–æ–∂–Ω–æ —Ä–µ—à–∏—Ç—å –∑–∞ 2.5 –¥–Ω—è —Å –≥–æ—Ä–∞–∑–¥–æ –±–æ–ª–µ–µ –≤—ã—Å–æ–∫–æ–π —Ç–æ—á–Ω–æ—Å—Ç—å—é, –µ—Å–ª–∏ –Ω–æ—Ä–º–∞–ª—å–Ω–æ –Ω–∞—Å—Ç—Ä–æ–∏—Ç—å —Å—É–ø–µ—Ä–∫–æ–º–ø—å—é—Ç–µ—Ä. –ê –Ω–µ —ç—Ç–∏ –≤–∞—à–∏ –∫–≤–∞–Ω—Ç–æ–≤—ã–µ —Å–≤–∏—Å—Ç–æ–ø–µ—Ä–¥–µ–ª–∫–∏. 
 
–≠—Ç–æ –Ω–µ –æ—Ç–º–µ–Ω—è–µ—Ç —Ç–æ–≥–æ —Ñ–∞–∫—Ç–∞, —á—Ç–æ Google —Å–¥–µ–ª–∞–ª–∏ –Ω–µ–ø–ª–æ—Ö–æ–π —Å–∫–∞—á–æ–∫ –≤ —Å—Ç–æ—Ä–æ–Ω—É –Ω–∞—Å—Ç–æ—è—â–∏—Ö –∫–≤–∞–Ω—Ç–æ–≤—ã—Ö –∫–æ–º–ø—å—é—Ç–µ—Ä–æ–≤, –æ–¥–Ω–∞–∫–æ –æ ¬´–∫–≤–∞–Ω—Ç–æ–≤–æ–º –ø—Ä–µ–≤–æ—Å—Ö–æ–¥—Å—Ç–≤–µ¬ª –≥–æ–≤–æ—Ä–∏—Ç—å –µ—â–µ –ø–æ–∫–∞ —Ä–∞–Ω–æ.

#–º–µ–º–æ–≤–æ—Å—Ç–∏@tnull",https://sun9-22.userapi.com/c858432/v858432028/b5465/RkkF8Y0AOuo.jpg
1417,–ö—Ç–æ –≤–æ–æ–±—â–µ –ª—é–±–∏—Ç gui?,https://sun9-20.userapi.com/c855128/v855128341/12c375/Znlt1CXWIjs.jpg
941,–ë–µ—Å–ø–µ—Ä–µ–±–æ–π–Ω–∏–∫ –®—Ä—ë–¥–∏–Ω–≥–µ—Ä–∞,https://sun9-50.userapi.com/c855128/v855128396/12bf3c/1RCq9Tfk4Uc.jpg
8,"–û—Ç–∫—Ä—ã—Ç –¥–µ—Å—è—Ç—ã–π –Ω–∞–±–æ—Ä –∫—É—Ä—Å–∞ ¬´DevOps –ø—Ä–∞–∫—Ç–∏–∫–∏ –∏ –∏–Ω—Å—Ç—Ä—É–º–µ–Ω—Ç—ã¬ª –æ—Ç OTUS –∏ —Å—É—Ä–æ–≤—ã—Ö –∏–Ω–∂–µ–Ω–µ—Ä–æ–≤ Express 42. –ü—Ä–æ–π–¥–∏—Ç–µ –≤—Å—Ç—É–ø–∏—Ç–µ–ª—å–Ω—ã–π —Ç–µ—Å—Ç –æ–¥–Ω–∏–º–∏ –∏–∑ –ø–µ—Ä–≤—ã—Ö –∏ –∑–∞–π–º–∏—Ç–µ —Å–≤–æ—ë –º–µ—Å—Ç–æ —Å–æ —Å–ø–µ—Ü–∏–∞–ª—å–Ω–æ–π —Å–∫–∏–¥–∫–æ–π: https://otus.pw/KQuY/ 
 
–ö—É—Ä—Å –ø–æ–¥–æ–π–¥—ë—Ç —Ä–∞–∑—Ä–∞–±–æ—Ç—á–∏–∫–∞–º, —Å–∏—Å—Ç–µ–º–Ω—ã–º –∞—Ä—Ö–∏—Ç–µ–∫—Ç–æ—Ä–∞–º –∏ –∞–¥–º–∏–Ω–∏—Å—Ç—Ä–∞—Ç–æ—Ä–∞–º, –∞ —Ç–∞–∫–∂–µ —Ç–µ—Å—Ç–∏—Ä–æ–≤—â–∏–∫–∞–º –∏ QA –∏–Ω–∂–µ–Ω–µ—Ä–∞–º ‚Äî –∫–∞–∂–¥—ã–π —Å–ø–µ—Ü–∏–∞–ª–∏—Å—Ç –Ω–∞–≤–µ—Ä–Ω—è–∫–∞ –Ω–∞–π–¥—ë—Ç –¥–ª—è —Å–µ–±—è —á—Ç–æ-—Ç–æ –ø–æ–ª–µ–∑–Ω–æ–µ. 
 
–ò–∑ —Ñ–∏—á: –≤–µ–±–∏–Ω–∞—Ä—ã –≤ –ø—Ä—è–º–æ–º —ç—Ñ–∏—Ä–µ, –æ–±—â–µ–Ω–∏–µ —Å –ø—Ä–µ–ø–æ–¥–∞–≤–∞—Ç–µ–ª—è–º–∏ –∏ –≥—Ä—É–ø–ø–æ–π –≤ Slack, –ø—Ä–æ–≤–µ—Ä–∫–∞ –¥–æ–º–∞—à–Ω–∏—Ö —Ä–∞–±–æ—Ç –∏ –ø–æ–ª—É—á–µ–Ω–∏–µ –æ–±—Ä–∞—Ç–Ω–æ–π —Å–≤—è–∑–∏. 
 
–ó–∞ –≤—Ä–µ–º—è —Å—É—â–µ—Å—Ç–≤–æ–≤–∞–Ω–∏—è –∫—É—Ä—Å–∞ –æ—Ä–≥–∞–Ω–∏–∑–∞—Ç–æ—Ä—ã –ø–æ–¥–≥–æ—Ç–æ–≤–∏–ª–∏ 466 —Å–ø–µ—Ü–∏–∞–ª–∏—Å—Ç–æ–≤, 70% –∏–∑ –Ω–∏—Ö –ø–æ–ª—É—á–∏–ª–∏ job offer –ø–æ –∏—Ç–æ–≥—É –æ–±—É—á–µ–Ω–∏—è, –∞ 60% ‚Äî —Å–µ—Ä—å—ë–∑–Ω–æ –≤—ã—Ä–æ—Å–ª–∏ –≤ –∑–∞—Ä–∞–±–æ—Ç–Ω–æ–π –ø–ª–∞—Ç–µ. 
 
–ï—Å–ª–∏ —Ö–æ—Ç–∏—Ç–µ —Å—Ç–∞—Ç—å —á–∞—Å—Ç—å—é —Ç—É—Å–æ–≤–∫–∏ DevOps, —Å–¥–∞–≤–∞–π—Ç–µ —Ç–µ—Å—Ç –∏ –ø—Ä–∏—Å–æ–µ–¥–∏–Ω—è–π—Ç–µ—Å—å: https://otus.pw/KQuY/
 
–≠—Ç–æ #–ø–∞—Ä—Ç–Ω—ë—Ä—Å–∫–∏–π –ø–æ—Å—Ç",https://sun9-50.userapi.com/c855128/v855128396/12bf3c/1RCq9Tfk4Uc.jpg
31,"–ó–∞–≥–ª—è–Ω–∏ –∑–∞ –∫—É–ª–∏—Å—ã –≥–µ–π–º–¥–µ–≤–∞ –∏ –ø–æ–ø—Ä–æ–±—É–π —Å–≤–æ–∏ —Å–∏–ª—ã –≤ —Ä–∞–∑—Ä–∞–±–æ—Ç–∫–µ –∏–≥—Ä. –ü–æ–º–æ–∂–µ—Ç —Ç–µ–±–µ –≤ —ç—Ç–æ–º –ú–∏—Ö–∞–∏–ª –û–≤—á–∏–Ω–Ω–∏–∫–æ–≤, –ø—Ä–æ–≥—Ä–∞–º–º–∏—Å—Ç —Å 12-–ª–µ—Ç–Ω–∏–º —Å—Ç–∞–∂–µ–º.

–í—Å–µ –ø–æ–¥—Ä–æ–±–Ω–æ—Å—Ç–∏ –ø–æ —Å—Å—ã–ª–∫–µ üîú https://vk.cc/9RHS6F.

‚ú® –ü–æ–∑–Ω–∞–∫–æ–º–∏—à—å—Å—è —Å Unity.
‚ú® –ù–∞–ø–∏—à–µ—à—å –∏–≥—Ä—É, –≥–¥–µ –∫–æ—Å–º–∏—á–µ—Å–∫–∏–π –∫–æ—Ä–∞–±–ª—å —Å—Ç—Ä–µ–ª—è–µ—Ç –∏ —Ä–∞–∑–±–∏–≤–∞–µ—Ç –º–µ—Ç–µ–æ—Ä–∏—Ç—ã.
‚ú® –õ—É—á—à–∏–µ —É—á–∞—Å—Ç–Ω–∏–∫–∏ –ø–æ–ª—É—á–∞—Ç 30 000 —Ä—É–±–ª–µ–π –Ω–∞ –æ–±—É—á–µ–Ω–∏–µ –≤ Skillbox.

–í—Å–µ —É—á–∞—Å—Ç–Ω–∏–∫–∏, —Å–¥–∞–≤—à–∏–µ –ø—Ä–æ–µ–∫—Ç, –ø–æ–ª—É—á–∞—Ç —Å–µ—Ä—Ç–∏—Ñ–∏–∫–∞—Ç—ã –Ω–∞ –æ–±—É—á–µ–Ω–∏–µ –∞–Ω–≥–ª–∏–π—Å–∫–æ–º—É —è–∑—ã–∫—É –≤ —Å–µ—Ä–≤–∏—Å–µ EnglishDom.

–ü—Ä–∏—Å–æ–µ–¥–∏–Ω—è–π—Å—è!",https://sun9-10.userapi.com/c853520/v853520356/10ca96/ZmrZcu9xYqU.jpg
2353,"–ü–æ—Ç–æ–º—É —á—Ç–æ –ª—é–±–∞—è –¥–æ—Ä–æ–≥–∞ –ª—É—á—à–µ, –µ—Å–ª–∏ –æ–Ω–∞ –∏–¥–µ—Ç —á–µ—Ä–µ–∑ –ö–∞–∑–∞—Ö—Å—Ç–∞–Ω",https://sun9-10.userapi.com/c853520/v853520356/10ca96/ZmrZcu9xYqU.jpg
1467,,https://sun9-29.userapi.com/c852028/v852028844/1f3633/ZS0aP2mui2w.jpg
1493,–ù—É –ø—Ä–æ—Å—Ç–æ –º–µ—á—Ç–∞ –∂–µ,https://sun9-12.userapi.com/c856032/v856032019/11411d/YepvC43RTsI.jpg
2019,–ö–æ–≥–¥–∞ —Ñ–∏–∫—Å–∏—à—å –±–∞–≥ –Ω–∞ –ø—Ä–æ–¥–µ,https://sun9-12.userapi.com/c856032/v856032019/11411d/YepvC43RTsI.jpg
86,"–°–µ–≥–æ–¥–Ω—è –≤ –≤—ã–ø—É—Å–∫–µ: –∞—Ç–∞–∫–∞ –∏—Ä–∞–Ω—Å–∫–∏—Ö —Ö–∞–∫–µ—Ä–æ–≤, –æ—Ç–∫—Ä—ã—Ç–∏–µ –ß–µ—Ä–Ω–æ–±—ã–ª—è, –≤—Ä–µ–¥ –∫–æ–ø–∏—Ä–æ–≤–∞–Ω–∏—è —Å–æ StackOverflow, –∫–∞—Å—Ç–æ–º–∏–∑–∞—Ü–∏—è Tesla –∏ —Ä—É—Å—Å–∫–∏–π –ª–µ—Ç–∞—é—â–∏–π –∞–≤—Ç–æ–º–æ–±–∏–ª—å. –ß—Ç–æ–±—ã –Ω–∞–∫–æ–¥–∏—Ç—å —á—Ç–æ-–Ω–∏–±—É–¥—å –Ω–µ–Ω—É–∂–Ω–æ–µ, –Ω–∞–¥–æ —Å–Ω–∞—á–∞–ª–∞ –ø–æ—á–∏—Ç–∞—Ç—å —á—Ç–æ-–Ω–∏–±—É–¥—å –Ω–µ–Ω—É–∂–Ω–æ–µ.",https://sun9-12.userapi.com/c856032/v856032019/11411d/YepvC43RTsI.jpg
1885,"–ü—Ä–æ–≥—Ä–∞–º–º–∏—Ä—É–π –ø–æ-–ø–∞—Ü–∞–Ω—Å–∫–∏, –∞ —Ç–æ —á–µ —Ç—ã –∫–∞–∫ –ª–æ—Ö",https://sun9-12.userapi.com/c858024/v858024409/9cc73/LlvSlwsUeak.jpg
978,–ö–æ–≥–¥–∞ –±–∞–≥ –¥–µ–π—Å—Ç–≤–∏—Ç–µ–ª—å–Ω–æ –æ–∫–∞–∑—ã–≤–∞–µ—Ç—Å—è —Ñ–∏—á–µ–π,https://sun9-12.userapi.com/c858024/v858024409/9cc73/LlvSlwsUeak.jpg
532,.—Ç—É–∞–ª–µ—Ç > .–±–∞—á–æ–∫ { position: relative; left: -50%; },https://sun9-32.userapi.com/c856128/v856128060/11b94c/9z9H8XzFsiA.jpg
1632,–¢–∞–∫ –≤–æ—Ç –∫—Ç–æ –≤—Å–µ–≥–¥–∞ –¥–æ–±–∞–≤–ª—è–µ—Ç –±–∞–≥–∏ –≤ –º–æ–π –∫–æ–¥,https://sun9-1.userapi.com/c853516/v853516814/116a18/-be8AtZVuqA.jpg
87,"–°–µ–≥–æ–¥–Ω—è —Ä–∞—Å—Å–∫–∞–∂–µ–º –ø—Ä–æ –Ω–∞–≥–ª—É—é –Ω–µ–π—Ä–æ—Å–µ—Ç—å, —Å–µ–∫—Ä–µ—Ç–Ω–æ–µ –∏–Ω—Ç–µ—Ä–≤—å—é –ü—É—Ç–∏–Ω–∞ –∏ –∑–∞—Ä–ø–ª–∞—Ç—É –ò–ª–æ–Ω–∞ –ú–∞—Å–∫–∞. –ê, –Ω—É –∏ –ø–∏–∫—á–µ—Ä—É –ø–æ–µ—Å—Ç—å –¥–∞–ª–∏",https://sun9-1.userapi.com/c853516/v853516814/116a18/-be8AtZVuqA.jpg
1562,"–ö–∞–∂–µ—Ç—Å—è, SpeedTest –ø–æ–¥–∫–æ–Ω–Ω–µ–∫—Ç–∏–ª—Å—è –∫ –∫–∞–∫–æ–º—É-—Ç–æ –∞–≤—Å—Ç—Ä–∞–ª–∏–π—Å–∫–æ–º—É —Å–µ—Ä–≤–µ—Ä—É",https://sun9-29.userapi.com/c854220/v854220916/fa371/MGnnoRU9PBY.jpg
1154,–ü–æ—á–µ–º—É —è –ø–µ—Ä–µ—Å—Ç–∞–ª –∑–∞–¥–∞–≤–∞—Ç—å –≤–æ–ø—Ä–æ—Å—ã –Ω–∞ StackOverflow,https://sun9-24.userapi.com/c852032/v852032229/1c2c77/g3HQUeaCx9E.jpg
535,,https://sun9-51.userapi.com/c857636/v857636747/775b5/uT_efILZ5sU.jpg
1062,–û–Ω –≤–µ—Ä–Ω—É–ª—Å—è –º—Å—Ç–∏—Ç—å,https://sun9-64.userapi.com/c850420/v850420933/1c0a39/-_e2Cp5o4zs.jpg
107,"–•–æ—Ç–∏—Ç–µ –±—ã—Ç—å –≤ –∫—É—Ä—Å–µ –Ω–µ —Ç–æ–ª—å–∫–æ —Å–≤–µ–∂–∏—Ö –∞–π—Ç–∏—à–Ω—ã—Ö –º–µ–º–æ–≤, –Ω–æ –∏ —Å–≤–µ–∂–∏—Ö –∞–π—Ç–∏—à–Ω—ã—Ö –Ω–æ–≤–æ—Å—Ç–µ–π? –¢–æ–≥–¥–∞ –≤–∞–º –≤ [club142206011|Tproger Live]. 
 
–¢–∞–º –º—ã —Ä–∞—Å—Å–∫–∞–∑—ã–≤–∞–µ–º –æ —Ä–µ–ª–∏–∑–∞—Ö, –∏—Å—Å–ª–µ–¥–æ–≤–∞–Ω–∏—è—Ö, –Ω–æ–≤—ã—Ö –¥—ã—Ä–∞—Ö –≤ –±–µ–∑–æ–ø–∞—Å–Ω–æ—Å—Ç–∏ –∏ —É—Ç–µ—á–∫–∞—Ö –¥–∞–Ω–Ω—ã—Ö. 
 
–ü–æ–¥–ø–∏—Å—ã–≤–∞–π—Ç–µ—Å—å: https://vk.com/tprogerlive",https://sun9-127.userapi.com/c855320/v855320265/f2b8e/gbE2aLbTEkQ.jpg
710,–ö–æ—à–º–∞—Ä—ã –Ω–∞ –Ω–æ—á—å,https://sun9-29.userapi.com/c635106/v635106812/30a87/gv_onjWtEvM.jpg
760,–ö–æ–≥–¥–∞ –ø—Ä–∏—Ö–æ–¥–∏—Ç—Å—è —Ä–∞–∑–±–∏—Ä–∞—Ç—å—Å—è –≤ —á—É–∂–æ–º –∫–æ–¥–µ,https://sun9-29.userapi.com/c635106/v635106812/30a87/gv_onjWtEvM.jpg
14,"–ú–æ–±–∏–ª—å–Ω—ã–π –ø–∏—Ä–∞—Ç ‚Äî —á–∞—Ç, –≤ –∫–æ—Ç–æ—Ä–æ–º –¥–µ–ª—è—Ç—Å—è —Å–ø–æ—Å–æ–±–∞–º–∏ –∑–∞—Ä–∞–±–æ—Ç–∫–∞ –Ω–∞ –º–æ–±–∏–ª—å–Ω—ã—Ö –ø—Ä–∏–ª–æ–∂–µ–Ω–∏—è—Ö. 
 
–í –Ω—ë–º –º–æ–∂–Ω–æ –Ω–∞–π—Ç–∏ –µ–¥–∏–Ω–æ–º—ã—à–ª–µ–Ω–Ω–∏–∫–æ–≤ –ø–æ –º–Ω–æ–≥–∏–º –≤–æ–ø—Ä–æ—Å–∞–º ‚Äî –æ—Ç –ø–æ–∏—Å–∫–∞ –ø—Ä–∏–±—ã–ª—å–Ω—ã—Ö –Ω–∏—à –≤ –º–æ–±–∏–ª—å–Ω–æ–π —Ä–∞–∑—Ä–∞–±–æ—Ç–∫–µ –¥–æ –ø—Ä–æ–¥–≤–∏–∂–µ–Ω–∏—è –∏ –æ–ø—Ç–∏–º–∏–∑–∞—Ü–∏–∏ —Å–≤–æ–∏—Ö –ø—Ä–æ–µ–∫—Ç–æ–≤. –ù–æ–≤–∏—á–∫–∏ —Å–º–æ–≥—É—Ç –ø—Ä–æ–π—Ç–∏ –±–µ—Å–ø–ª–∞—Ç–Ω—ã–µ —É—Ä–æ–∫–∏ –∏ –ø–æ–ª—É—á–∏—Ç—å –ø–æ–º–æ—â—å, –∞ –æ–ø—ã—Ç–Ω—ã–µ —Ä–∞–∑—Ä–∞–±–æ—Ç—á–∏–∫–∏ ‚Äî –Ω–∞–π—Ç–∏ –∫–æ–º–∞–Ω–¥—É, –∏—Å–ø–æ–ª–Ω–∏—Ç–µ–ª–µ–π –∏ –∏–Ω–≤–µ—Å—Ç–∏—Ü–∏–∏. 
 
–ü–æ–¥–∫–ª—é—á–∞–π—Ç–µ—Å—å: https://tlgg.ru/MobilePirat 
 
–≠—Ç–æ #–ø–∞—Ä—Ç–Ω—ë—Ä—Å–∫–∏–π –ø–æ—Å—Ç",https://sun9-29.userapi.com/c635106/v635106812/30a87/gv_onjWtEvM.jpg
988,–ë–æ–ª—å—à–æ–µ —Å–ø–∞—Å–∏–±–æ,https://sun9-36.userapi.com/c858432/v858432253/777ce/N3J6iW1GiZ8.jpg
1284,–ù—É –ø—Ä–∞–≤–¥–∞ –∫—É—á–∞ –∂–µ,https://sun9-66.userapi.com/c854224/v854224338/df739/8nqiId0U5Rs.jpg
1555,–ö–æ–≥–¥–∞ —É—Å—Ç–∞–Ω–æ–≤–∏–ª –ü–û —á–µ—Ä–µ–∑ apt-get,https://sun9-41.userapi.com/c851236/v851236238/1ac564/OeyIBDr1MfA.jpg
906,"–î–ª—è —Ç–µ—Ö, –∫—Ç–æ –Ω–µ –º–æ–∂–µ—Ç –æ—Ç–æ—Ä–≤–∞—Ç—å—Å—è –æ—Ç –∫–æ–¥–∏–Ω–≥–∞",https://sun9-6.userapi.com/c850532/v850532047/1a889d/TLRGp2EOc50.jpg
24,"–¢–µ–±—è –∂–¥–µ—Ç —Å–µ—Ä–∏—è –º–∞—Å—Ç–µ—Ä-–∫–ª–∞—Å—Å–æ–≤ –ø–æ –ø—Ä–æ–≥—Ä–∞–º–º–∏—Ä–æ–≤–∞–Ω–∏—é.

üîê –ë–µ—Å–ø–ª–∞—Ç–Ω—ã–π –¥–æ—Å—Ç—É–ø –ø–æ —Å—Å—ã–ª–∫–µ üëâ https://vk.cc/9L8UMR.
–°–º–æ—Ç—Ä–∏ —Å–ø–∏—Å–æ–∫ —Ç–µ–º –∏ –≤—ã–±–∏—Ä–∞–π —Ç–æ–ª—å–∫–æ –Ω—É–∂–Ω—ã–µ –º–∞—Å—Ç–µ—Ä-–∫–ª–∞—Å—Å—ã!

–¢—ã –ø–æ–ª—É—á–∏—à—å:
‚úî –ø–ª–∞–Ω —Ä–∞–∑–≤–∏—Ç–∏—è –ø—Ä–æ–≥—Ä–∞–º–º–∏—Å—Ç–∞;
‚úî –∂–∏–≤–æ–µ –æ–±—â–µ–Ω–∏–µ —Å —É—Å–ø–µ—à–Ω—ã–º–∏ —Ä–∞–∑—Ä–∞–±–æ—Ç—á–∏–∫–∞–º–∏;
‚úî –ø–æ–¥—Ä–æ–±–Ω—ã–π –≥–∞–π–¥ –ø–æ —Å–æ–∑–¥–∞–Ω–∏—é –ø–æ–ª–Ω–æ—Ü–µ–Ω–Ω—ã—Ö –ø—Ä–æ–µ–∫—Ç–æ–≤.

–ü—Ä–∏—Å–æ–µ–¥–∏–Ω—è–π—Å—è!",https://sun9-6.userapi.com/c850532/v850532047/1a889d/TLRGp2EOc50.jpg
1982,–í–∏–∑—É–∞–ª–∏–∑–∞—Ü–∏—è —Ä–∞–∑–ª–∏—á–Ω—ã—Ö –∞–ª–≥–æ—Ä–∏—Ç–º–æ–≤ —Å–æ—Ä—Ç–∏—Ä–æ–≤–∫–∏,https://sun9-6.userapi.com/c850532/v850532047/1a889d/TLRGp2EOc50.jpg
1586,RISC–æ–≤–∞–Ω–Ω–æ–µ –∑–∞–Ω—è—Ç–∏–µ,https://sun9-45.userapi.com/c850220/v850220530/1d675a/YA-v8K5AV-g.jpg
2182,–ö–∞–∫ –∑–∞–∫–∞–Ω—á–∏–≤–∞–µ—Ç—Å—è –ª—é–±–æ–π —Ñ–∏–∫—Å –±–∞–≥–∞ —Å—Ä–∞–∑—É –Ω–∞ –ø—Ä–æ–¥–µ,https://sun9-45.userapi.com/c850220/v850220530/1d675a/YA-v8K5AV-g.jpg
2476,–¢–∞–∫–æ–µ –∏ –≤ –∫–æ—à–º–∞—Ä–µ –Ω–µ –ø—Ä–∏—Å–Ω–∏—Ç—Å—è,https://sun9-31.userapi.com/c854028/v854028878/e0631/NrtNJdNH4i4.jpg
1205,"–°–∞–º–æ–µ –≤–∞–∂–Ω–æ–µ, —á—Ç–æ –Ω—É–∂–Ω–æ –∑–Ω–∞—Ç—å –ø—Ä–æ–≥—Ä–∞–º–º–∏—Å—Ç—É",https://sun9-63.userapi.com/c854532/v854532417/df579/9s5hjXtZP70.jpg
1912,–ë–µ–∑ —Ç–µ—Å—Ç–æ–≤ –Ω—ã–Ω—á–µ –Ω–∏–∫—É–¥–∞,https://sun9-71.userapi.com/c851136/v851136169/1ada9b/zEyjvrQ-EQc.jpg
2399,–ß—Ç–æ –≤—ã –∑–Ω–∞–µ—Ç–µ –æ —Ä–æ—Å–∫–æ—à–∏?,https://sun9-8.userapi.com/c854124/v854124807/bd693/x8SO4auTABQ.jpg
498,–ó–∞ —Ç–∞–∫–∏–º —Å–ø–æ—Å–æ–±–æ–º –≤–≤–æ–¥–∞ –±—É–¥—É—â–µ–µ,https://sun9-8.userapi.com/c854124/v854124807/bd693/x8SO4auTABQ.jpg
1197,"–ö–∞–∫ —Ç–æ–ª—å–∫–æ —Ç—ã –¥—É–º–∞–µ—à—å, —á—Ç–æ –ø–æ–∫—Ä—ã–ª –≤—Å–µ –∫—Ä–∞–π–Ω–∏–µ —Å–ª—É—á–∞–∏, —Ç–∞–∫ –æ–±—è–∑–∞—Ç–µ–ª—å–Ω–æ –≤—ã–ª–µ–∑–µ—Ç –µ—â–µ –æ–¥–∏–Ω",https://sun9-27.userapi.com/c854124/v854124807/bd670/JfH0ksEKLZI.jpg
19,"–•–æ—Ç–∏—Ç–µ –±—ã—Ç—å –≤ –∫—É—Ä—Å–µ –Ω–µ —Ç–æ–ª—å–∫–æ —Å–≤–µ–∂–∏—Ö –∞–π—Ç–∏—à–Ω—ã—Ö –º–µ–º–æ–≤, –Ω–æ –∏ —Å–≤–µ–∂–∏—Ö –∞–π—Ç–∏—à–Ω—ã—Ö –Ω–æ–≤–æ—Å—Ç–µ–π? –¢–æ–≥–¥–∞ –≤–∞–º –≤ [club142206011|Tproger Live].

–¢–∞–º –º—ã —Ä–∞—Å—Å–∫–∞–∑—ã–≤–∞–µ–º –æ —Ä–µ–ª–∏–∑–∞—Ö, –∏—Å—Å–ª–µ–¥–æ–≤–∞–Ω–∏—è—Ö, –Ω–æ–≤—ã—Ö –¥—ã—Ä–∞—Ö –≤ –±–µ–∑–æ–ø–∞—Å–Ω–æ—Å—Ç–∏ –∏ —É—Ç–µ—á–∫–∞—Ö –¥–∞–Ω–Ω—ã—Ö.
 
–ü–æ–¥–ø–∏—Å—ã–≤–∞–π—Ç–µ—Å—å: https://vk.com/tprogerlive",https://sun9-45.userapi.com/c857624/v857624420/42c4b/cd2CXsaFSDM.jpg
628,–ö–ª–∞—Å—Å–∏—á–µ—Å–∫–∞—è —Å–∏—Ç—É–∞—Ü–∏—è,https://sun9-45.userapi.com/c857624/v857624420/42c4b/cd2CXsaFSDM.jpg
17,"–ü—Ä–æ–≤–µ—Ä—å—Ç–µ —Å–≤–æ–∏ –∑–Ω–∞–Ω–∏—è –ø–æ —Å–µ—Ç–µ–≤—ã–º —Ç–µ—Ö–Ω–æ–ª–æ–≥–∏—è–º, –∏—Å–∫—É—Å—Ç–≤–µ–Ω–Ω–æ–º—É –∏–Ω—Ç–µ–ª–ª–µ–∫—Ç—É, Python, –∏–ª–∏ –ø—Ä–æ—Å—Ç–æ –æ–±—â–µ–µ –ø–æ–Ω–∏–º–∞–Ω–∏–µ IT.

–†–µ–≥–∏—Å—Ç—Ä–∏—Ä—É–µ–º—Å—è, –∂–º—ë–º ¬´–£—á–∞—Å—Ç–≤–æ–≤–∞—Ç—å –≤ –≤–∏–∫—Ç–æ—Ä–∏–Ω–µ¬ª, –≤—ã–±–∏—Ä–∞–µ–º —Ç–µ–º—É. –í–∞–º –ø–æ–¥–±–µ—Ä—É—Ç —Å–æ–ø–µ—Ä–Ω–∏–∫–∞ (—Ä–µ–∞–ª—å–Ω–æ–≥–æ —á–µ–ª–æ–≤–µ–∫–∞!) –∏ –Ω–∞—á–Ω—ë—Ç—Å—è –∏–≥—Ä–∞.

–ü–æ—É—á–∞—Å—Ç–≤–æ–≤–∞—Ç—å –≤ –≤–∏–∫—Ç–æ—Ä–∏–Ω–µ: https://tprg.ru/gUeI

–≠—Ç–æ #–ø–∞—Ä—Ç–Ω—ë—Ä—Å–∫–∏–π –ø–æ—Å—Ç",https://sun9-45.userapi.com/c857624/v857624420/42c4b/cd2CXsaFSDM.jpg
1230,"–ß—Ç–æ –¥–µ–ª–∞—é—Ç –ø—Ä–æ–≥—Ä–∞–º–º–∏—Å—Ç—ã, –ø–æ–∫–∞ –∏—Ö –∫–æ–¥ –∫–æ–º–ø–∏–ª–∏—Ç—Å—è",https://sun9-45.userapi.com/c857624/v857624420/42c4b/cd2CXsaFSDM.jpg
1512,"–Ø –≤–æ –≤—Ä–µ–º—è —É—á–µ–±—ã –≤ —É–Ω–∏–≤–µ—Ä—Å–∏—Ç–µ—Ç–µ: –¢–∞–∫, –Ω—É –º—ã –∏–∑—É—á–∏–ª–∏ –º–∞—à–∏–Ω–Ω–æ–µ –æ–±—É—á–µ–Ω–∏–µ, —Å–∏—Å—Ç–µ–º—ã –∏—Å–∫—É—Å—Å—Ç–≤–µ–Ω–Ω–æ–≥–æ –∏–Ω—Ç–µ–ª–ª–µ–∫—Ç–∞, –∫–∞–∫ –ø—Ä–∞–≤–∏–ª—å–Ω–æ –ø—Ä–æ–µ–∫—Ç–∏—Ä–æ–≤–∞—Ç—å —Å–∏—Å—Ç–µ–º–Ω—É—é –∞—Ä—Ö–∏—Ç–µ–∫—Ç—É—Ä—É, –∫—É—á—É —Å–ø–µ—Ü–∏—Ñ–∏—á–µ—Å–∫–∏—Ö —è–∑—ã–∫–æ–≤ –ø—Ä–æ–≥—Ä–∞–º–º–∏—Ä–æ–≤–∞–Ω–∏—è. –ï—â–µ —è —É–º–µ—é –≤ –∞–±—Å—Ç—Ä–∞–∫—Ç–Ω—É—é –∞–ª–≥–µ–±—Ä—É –∏ –º–∞—Ç–∞–Ω.

–Ø –Ω–∞ —Ä–∞–±–æ—Ç–µ: *–¢—Ä–∞—á—É 2 —á–∞—Å–∞, —á—Ç–æ–±—ã –≤—ã–≤–µ—Å—Ç–∏ –∫–Ω–æ–ø–∫—É –ø–æ —Ü–µ–Ω—Ç—Ä—É*",https://sun9-45.userapi.com/c857624/v857624420/42c4b/cd2CXsaFSDM.jpg
1221,–ù–∞—à–ª–∏ –≤ —Å–µ—Ä–≤–µ—Ä–Ω–æ–π,https://sun9-8.userapi.com/c851232/v851232762/18be01/lK-604o8OSo.jpg
1359,–í –ø—Ä–æ–≥—Ä–∞–º–º–∏—Å—Ç–µ –∫–∏–ø–∏—Ç –ø–æ—Å—Ç–æ—è–Ω–Ω–∞—è –±–∏—Ç–≤–∞,https://sun9-42.userapi.com/c851232/v851232762/18bdf8/fyNTJIHDeNM.jpg
